app_id,app_name,review_no,reviewer,reviewer_img,review_date,review_rating,review_text,helpful_count,has_reply,reply_developer,reply_date,reply_text
com.ktmusic.geniemusic,지니뮤직 - genie,1,Hansu Kim,https://play-lh.googleusercontent.com/a/ACg8ocIRczAG_Xpsifib82ZTaNpWNXe6u95ZmVdkysuVlc958C05cA=s32-rw-mo,2026-09-20,5,버벅 거리는 거 빼고는 유튜브 뮤직보다 훨씬 좋아요 앞으로 잘 쓸게요!!,0,True,(주)케이티지니뮤직,2026-09-21,"안녕하세요, 지니뮤직입니다. 지니뮤직 서비스를 만족스럽게 이용해 주시고, 소중한 리뷰까지 남겨주셔서 진심으로 감사합니다. 고객님의 따뜻한 말씀은 지니뮤직 서비스 운영에 큰 힘이 됩니다. 앞으로도 더욱 편리하고 만족스러운 서비스를 제공해 드릴 수 있도록 노력하겠습니다. 감사합니다."
com.ktmusic.geniemusic,지니뮤직 - genie,2,최수연,https://play-lh.googleusercontent.com/a/ACg8ocKZB5_2zt74tug0aPY55qPccB_pBKSHIbytILopXsSdYxMGxw=s32-rw-mo,2026-09-19,4,이름 같은 가수들 곡 섞이는 오류 고쳐주세요ㅠㅠ 옛날부터 잘 써왔는데 요즘들어 오류가 너무 많아요,0,False,,,
com.ktmusic.geniemusic,지니뮤직 - genie,3,박서준,https://play-lh.googleusercontent.com/a-/ALV-UjXveFi-jY9iKxhsbRNJOn6FNmG2d1Iv7g98mnX1VXPYL6FUMyY=s32-rw,2026-09-19,3,없는 음악이 너무 많아요 아 이음악 지니에서 듣고 싶은데 하면 없어요,2,True,(주)케이티지니뮤직,2026-09-21,안녕하세요. 지니뮤직 입니다. 찾으시는 음원이 없어 아쉬움을 느끼셨을 것 같습니다. 지니뮤직에서 서비스되길 원하시는 음원이 있으시다면 지니뮤직 [음원 문의] 게시판을 통해 문의 부탁드리겠습니다. * APP: [전체메뉴] > [고객센터] > [문의하기] > [음원 문의] * WEB: [고객센터] > [음원 관련 문의] 감사합니다.
com.ktmusic.geniemusic,지니뮤직 - genie,4,메오,https://play-lh.googleusercontent.com/a-/ALV-UjWJ5EpdV_z8vAfGAxzLM-1zg-MTF4ZefQuoiJYHTwFYlmzwJEXS=s32-rw,2026-09-15,1,화나요,0,True,(주)케이티지니뮤직,2026-09-21,"안녕하세요, 지니뮤직입니다. 먼저 서비스 이용에 만족을 드리지 못한 점 죄송합니다. 이용하시면서 불편을 느끼셨던 부분이나 개선이 필요한 사항이 있으시다면 조금 더 자세한 내용을 남겨주시면 확인 후 서비스 개선에 참고할 수 있도록 하겠습니다. 고객님의 의견에 귀 기울이며 보다 나은 서비스를 제공할 수 있도록 노력하겠습니다. 감사합니다."
com.ktmusic.geniemusic,지니뮤직 - genie,5,최준혁,https://play-lh.googleusercontent.com/a-/ALV-UjWlCrQpUMFa3TPEPIr-TasgKHl88TlyU5ik0f2YKc_fWfJgBewU9Q=s32-rw,2026-09-13,5,다 좋은데 선택 듣기 할 때 플레이 리스트를 새로 만드는 게 아니라 재생목록에서 선택 듣기를 할 수 있었으면 좋겠습니다 노래 하나 추가할 때마다 노래를 다시 다 담아야 하는 게 번거롭습니다,0,True,(주)케이티지니뮤직,2026-09-21,"안녕하세요, 지니뮤직입니다. 먼저 지니뮤직 서비스 이용에 불편을 드린 점 죄송합니다. 남겨주신 소중한 의견은 담당 부서에 전달하여 보다 나은 서비스를 제공할 수 있도록 개선에 참고하겠습니다. 앞으로도 고객님의 의견에 귀 기울이며 더욱 편리하고 만족스러운 서비스를 제공할 수 있도록 노력하겠습니다. 감사합니다."
com.ktmusic.geniemusic,지니뮤직 - genie,6,김영재,https://play-lh.googleusercontent.com/a/ACg8ocJWL8soN3KqSc0Ga7Fu-2MKgyaWa6jJOZ8qAIgpUeBOxq2A1Q=s32-rw-mo,2026-09-12,5,"지명 선생님, 영재입니다. 사무실에서 원활한 서비스 제공을 위해 애써주셔서 늘 든든합니다. 오늘도 수고 많으셨고, 앞으로도 잘 부탁드리겠습니다.지명 선생님, 영재입니다. 사무실에서 원활한 서비스 제공을 위해 애써주셔서 늘 든든합니다. 오늘도 수고 많으셨고, 앞으로도 잘 부탁드리겠습니다.",0,True,(주)케이티지니뮤직,2026-09-21,"안녕하세요, 지니뮤직입니다. 지니뮤직 서비스를 만족스럽게 이용해 주시고, 소중한 리뷰까지 남겨주셔서 진심으로 감사합니다. 고객님의 따뜻한 말씀은 지니뮤직 서비스 운영에 큰 힘이 됩니다. 앞으로도 더욱 편리하고 만족스러운 서비스를 제공해 드릴 수 있도록 노력하겠습니다. 감사합니다."
com.ktmusic.geniemusic,지니뮤직 - genie,7,scen voyage,https://play-lh.googleusercontent.com/a-/ALV-UjXz_mzck5EP9i9DpW6Dm6dqO_YH-tob3jDrb9bRrFu6uWhMuV3w=s32-rw,2026-09-11,1,플레이리스트에 추가한 곡은 왜 '최근추가순'으로 재생을 못하나요? 원하는 해외 최신곡도 거의 다 없거나 너무 느리게 등록되어서 사용환경이 너무 안좋네요 차라리 다른 어플들 사용하는게 더 나을듯,1,True,(주)케이티지니뮤직,2026-09-21,"안녕하세요, 지니뮤직입니다. 서비스 이용과 관련하여 소중한 의견을 남겨주셔서 감사합니다. 말씀해주신 개선사항은 담당 부서에 전달하여 향후 서비스 개선 시 참고할 수 있도록 하겠습니다. 앞으로도 고객님의 의견에 귀 기울이며 더욱 편리한 서비스를 제공할 수 있도록 노력하겠습니다. 감사합니다."
com.ktmusic.geniemusic,지니뮤직 - genie,8,최인성,https://play-lh.googleusercontent.com/a/ACg8ocImj0NGB4N98YqYmyKbRmZlTAx75UgHfmZSYhw8TNcVDHzk7Q=s32-rw-mo,2026-09-10,1,결제를 하면 제발 바로좀 돼라 진짜 개짜증나네,0,True,(주)케이티지니뮤직,2026-09-11,안녕하세요. 지니뮤직 입니다. 이용에 불편을 드려 죄송합니다. 결제 후 이용권이 보이지 않으신다는 증상에 대해 보다 정확한 확인이 필요해보입니다. 번거로우시곘지만 [1:1문의] 게시판으로 간단한 문의글을 남겨주시면 확인 후 안내를 도와드릴 수 있도록 하겠습니다. * [전체메뉴] > [고객센터] > [문의하기] > [1:1문의] 감사합니다.
com.ktmusic.geniemusic,지니뮤직 - genie,9,채태진,https://play-lh.googleusercontent.com/a/ACg8ocJ0-zxsJkGn4GHGVSLUqRTySUFWwvw82VJFk5_f3wPwa4CNWcU=s32-rw-mo,2026-09-10,1,코딩을 얼마나 개판으로 하면 풀리 순서 하나 바꿨다고 전체가 바뀜?,0,True,(주)케이티지니뮤직,2026-09-11,"안녕하세요, 지니뮤직입니다. 먼저 서비스 이용에 만족을 드리지 못한 점 죄송합니다. 말씀하신 증상에 대한 정확한 원인 파악을 위해 [1:1문의] 게시판을 통해 자세한 증상에 대해 재문의 부탁드립니다. * [전체메뉴] > [고객센터] > [문의하기] > [1:1문의] 바로 도움을 드리지 못한 점 사과드립니다. 감사합니다."
com.ktmusic.geniemusic,지니뮤직 - genie,10,포고,https://play-lh.googleusercontent.com/a/ACg8ocJvnH35RpC6kI4kYbQqFO2DUerfBD0X-_2bScJt1qnKSWkMCA=s32-rw-mo,2026-09-08,1,회원 탈퇴까지 하고 삭제 했는데 계속 결제 되는건 무슨 경우죠?,0,True,(주)케이티지니뮤직,2026-09-11,안녕하세요. 지니뮤직 입니다. 문의하신 내용 안내를 위해선 지니뮤직의 아이디 정보가 필요합니다. 번거로우시겠지만 지니뮤직 고객센터 1:1문의 또는 채팅 상담을 통해 아이디 정보와 함께 문의내용을 간략하게 남겨주시면 확인 후 안내드리도록 하겠습니다. * [전체메뉴] > [고객센터] > [문의하기] > [1:1문의]/[채팅 상담] 감사합니다.
com.ktmusic.geniemusic,지니뮤직 - genie,11,이서희,https://play-lh.googleusercontent.com/a-/ALV-UjWLxy-PJxJYiQGSnqsy_7l_yRY39tUDvQrQbBlTPqmE79gAt8RG=s32-rw,2026-09-07,1,업데이트 하더니 뭔 인증을 하라고 그러고 이건 뭔 10번를 해도 안넘어가는데 뭔 업데이트를 한건지도 모르겠음 이럴거면 업데이트를 왜 했습니까? 그리고 업데이트를 해도 오류가 계속 뜨는데요?,0,True,(주)케이티지니뮤직,2026-09-11,안녕하세요. 지니뮤직 입니다. 이용에 불편을 드려 죄송합니다. 문의하신 내용에 대해 보다 정확한 확인이 필요해보입니다. 다소 번거로우시겠지만 해당 내용을 아래 [1:1문의] 게시판으로 남겨주시면 확인 후 알맞은 안내를 도와드릴 수 있도록 하겠습니다. * [전체메뉴] > [고객센터] > [문의하기] > [1:1문의] 빠른 도움을 드리지 못한 점 사과드립니다. 감사합니다.
com.ktmusic.geniemusic,지니뮤직 - genie,12,Triple HJ망치,https://play-lh.googleusercontent.com/a/ACg8ocKQrPp3iB36DG_MoSKuKm5YFnsIZenCMoVN0lUOaxqB_i453a4=s32-rw-mo,2026-09-06,3,아니 컬러링 설정하려면 됬다가 바로 다시 설정하려면 갑자기 벨링준비중입니다 뜨는거 왜그런겁니까 도대체;;;,0,True,(주)케이티지니뮤직,2018-05-03,"안녕하세요 고객님, 지니뮤직입니다. 우선 서비스 이용에 불편을 겪으셨을 고객님께 머리숙여 사과의 말씀을 드립니다. 문의주신 내용의 경우 공지사항을 통해 안내드린 것과 같이 출근시간 접속량이 급증함에 따라 발생된 것으로 확인됩니다. 현재는 정상화되어 이용하실 수 있도록 조치하였습니다. 추후 동일한 증상이 발생되지 않도록 서버증설 및 안정화 작업을 진행하여 더욱 안정적인 지니가 될 수 있도록 최선을 다하겠습니다."
com.ktmusic.geniemusic,지니뮤직 - genie,13,ᄀᄀ,https://play-lh.googleusercontent.com/a/ACg8ocIBHdRzTkjOR5J8rVmH87T_l61AGo5_hoxxqIxZHAz1qHdvGg=s32-rw-mo,2026-09-05,1,첫 시작을 지니로 해서 곡 옮기는것도 귀찮고 갈아타기도 귀찮아서 쭉 썼는데 금일부로 탈지니한다. 어느순간 권리사 요청으로 못 듣는 음악도 많아지고 듣고 싶어도 없어서 못 듣는 곡이 태반이고 곡이나 가수 검색도 풀네임으로 쳐야 나옴 탈출은 지능순,0,True,(주)케이티지니뮤직,2026-09-11,"안녕하세요, 지니뮤직입니다. 먼저 지니뮤직 서비스 이용에 불편과 실망을 드린 점 진심으로 사과드립니다. 남겨주신 소중한 의견은 담당 부서에 전달하여 서비스 이용 과정에서 불편을 느끼신 부분을 면밀히 확인하고, 보다 나은 서비스를 제공할 수 있도록 개선에 참고하겠습니다. 앞으로도 고객님의 의견에 귀 기울이며 더욱 편리하고 만족스러운 서비스를 제공할 수 있도록 노력하겠습니다. 감사합니다."
com.ktmusic.geniemusic,지니뮤직 - genie,14,울집만두,https://play-lh.googleusercontent.com/a-/ALV-UjUjZJTO2knOkQKKgEYzpK1tYUt81aM-wz1kz1DNrwN6-BDeOB8=s32-rw,2026-09-03,1,ㅇㄴ 이미 저 문의센터에 문의 많이 했어요;; 저보고 뭐 어쩌라는거죠? 문의를 넣어도 안돼는데 진짜 어이없네요;,0,True,(주)케이티지니뮤직,2026-09-03,안녕하세요. 지니뮤직 입니다. 찾으시는 음원이 없어 아쉬움을 느끼셨을 것 같습니다. 지니뮤직에서 서비스되길 원하시는 음원이 있으시다면 지니뮤직 [음원 문의] 게시판을 통해 문의 부탁드리겠습니다. * APP: [전체메뉴] > [고객센터] > [문의하기] > [음원 문의] * WEB: [고객센터] > [음원 관련 문의] 감사합니다.
com.ktmusic.geniemusic,지니뮤직 - genie,15,손민준,https://play-lh.googleusercontent.com/a/ACg8ocLTJAtvlAXV4s-ax7ESzWlcSzf_F8eOx2ZWRebR-bkoUIeCAQ=s32-rw-mo,2026-09-02,2,"곡 수도 타 앱에 비해 적고 기능적으로도 불편한 점이 많습니다. Geese나 BCNR같이 이름 있는 아티스트들의 앨범이 없는 경우가 허다해서 음악을 조금만이라도 깊게 듣는 사람이라면 무조건 불편함을 느낄 것 같습니다. 또, 정규앨범과 컴필, 기타앨범을 따로 구분하지 않아서 앨범을 찾는 과정이 너무 난잡합니다. 앨범 구분 기준이 최신순, 인기순, 가나다 순 밖에 없어서 곤란해요. 비틀즈나 밥 딜런같이 기타 앨범이 많은 아티스트들의 경우 이 문제점이 더욱 크게 느껴집니다.",2,True,(주)케이티지니뮤직,2026-09-03,"안녕하세요, 지니뮤직입니다. 먼저 지니뮤직 서비스 이용에 불편과 실망을 드린 점 진심으로 사과드립니다. 남겨주신 소중한 의견은 담당 부서에 전달하여 서비스 이용 과정에서 불편을 느끼신 부분을 면밀히 확인하고, 보다 나은 서비스를 제공할 수 있도록 개선에 참고하겠습니다. 앞으로도 고객님의 의견에 귀 기울이며 더욱 편리하고 만족스러운 서비스를 제공할 수 있도록 노력하겠습니다. 감사합니다."
com.ktmusic.geniemusic,지니뮤직 - genie,16,김민아,https://play-lh.googleusercontent.com/a/ACg8ocIX2XsRkCTwlkYlQsR3XnSr-EPHWYAyKbRt7vTIwTj0RPib0w=s32-rw-mo,2026-08-31,5,야릇한,0,False,,,
com.ktmusic.geniemusic,지니뮤직 - genie,17,하하,https://play-lh.googleusercontent.com/a/ACg8ocIcnrh8_-YDdRykd2luBFBnfhxQXtTxtNR7Y3tqVGomhW_YMg=s32-rw-mo,2026-08-28,1,니들은 점검을 할꺼면 듣게라도 만들라는말이 어렵니? 돈쳐내고 듣는건데 왜 우리가 불편함을 느껴야하냐? 그냥 지니말고 다른데로 가든가해야지,2,True,(주)케이티지니뮤직,2026-09-03,"안녕하세요, 지니뮤직입니다. 먼저 지니뮤직 서비스 이용에 불편과 실망을 드린 점 진심으로 사과드립니다. 남겨주신 소중한 의견은 담당 부서에 전달하여 서비스 이용 과정에서 불편을 느끼신 부분을 면밀히 확인하고, 보다 나은 서비스를 제공할 수 있도록 개선에 참고하겠습니다. 앞으로도 고객님의 의견에 귀 기울이며 더욱 편리하고 만족스러운 서비스를 제공할 수 있도록 노력하겠습니다. 감사합니다."
com.ktmusic.geniemusic,지니뮤직 - genie,18,이형규,https://play-lh.googleusercontent.com/a/ACg8ocI0gSZ40kaWrjBsg_yJlMTVNcTWF0_JIDJCNTrVKDHMsM8o1Q=s32-rw-mo,2026-08-28,1,"KT요금제 사용자아니면 솔직히 메리트가 없어요. 4시간 넘게 점검하는것도 그렇고...끝나도 ""고객님 감사합니다""? 스트리밍서비스가 무슨 점검을 4시간이나 하나요...",0,True,(주)케이티지니뮤직,2026-09-03,"안녕하세요, 지니뮤직입니다. 먼저 지니뮤직 서비스 이용에 불편과 실망을 드린 점 진심으로 사과드립니다. 남겨주신 소중한 의견은 담당 부서에 전달하여 서비스 이용 과정에서 불편을 느끼신 부분을 면밀히 확인하고, 보다 나은 서비스를 제공할 수 있도록 개선에 참고하겠습니다. 앞으로도 고객님의 의견에 귀 기울이며 더욱 편리하고 만족스러운 서비스를 제공할 수 있도록 노력하겠습니다. 감사합니다."
com.ktmusic.geniemusic,지니뮤직 - genie,19,KIM준오,https://play-lh.googleusercontent.com/a/ACg8ocJqbWoAZzKbueWz7adOhZC_Jx7MSmSz6mSdnOZ182yvChxRUQ=s32-rw-mo,2026-08-27,5,처음엔 지니라는 앱을 몰랐는데 친구들이 추전해줬는데 진짜 쓰기 편하고 단점은 단점이 없는게 단점임,0,True,(주)케이티지니뮤직,2026-08-27,"안녕하세요, 지니뮤직입니다. 지니뮤직 서비스를 만족스럽게 이용해 주시고, 소중한 리뷰까지 남겨주셔서 진심으로 감사합니다. 고객님의 따뜻한 말씀은 지니뮤직 서비스 운영에 큰 힘이 됩니다. 앞으로도 더욱 편리하고 만족스러운 서비스를 제공해 드릴 수 있도록 노력하겠습니다. 감사합니다."
com.ktmusic.geniemusic,지니뮤직 - genie,20,너구리,https://play-lh.googleusercontent.com/a-/ALV-UjUlUnE00dalVT1cfKi69IYM1xNDb3n2ChVjRId-R-O8MRQT_OIr=s32-rw,2026-08-27,5,안녕하세요 좋아요 목록에 스크롤바 좀 만들어주시면 안될까요? 일일이 내리기가 너무 불편해요 스크롤바 있으면 정말 편할 것 같아요,1,True,(주)케이티지니뮤직,2026-09-03,"안녕하세요, 지니뮤직입니다. 서비스 이용과 관련하여 소중한 의견을 남겨주셔서 감사합니다. 말씀해주신 개선사항은 담당 부서에 전달하여 향후 서비스 개선 시 참고할 수 있도록 하겠습니다. 앞으로도 고객님의 의견에 귀 기울이며 더욱 편리한 서비스를 제공할 수 있도록 노력하겠습니다. 감사합니다."""
com.ktmusic.geniemusic,지니뮤직 - genie,21,오윤서,https://play-lh.googleusercontent.com/a/ACg8ocJ2jO3kw4W_RgtDyO1Vi_t06yG7kvZLA82gP5f9dQLmoTTf=s32-rw-mo,2026-08-26,5,플레이리스트 목록에서 플레이리스트에 들어갔다 나와도 화면 유지되도록 건의했었는데 이뤄졌어요ㅠㅠ 감사합니다~~ 7년 동안 이거 고쳐졌으면 좋겠다 생각만 하고 건의를 안 했었는데 건의하니까 들어주셨어요ㅠㅠ 7년 묵은 때가 싹 내려가는 느낌... 그 기능이 없을 때 플리 정리 하기도 힘들었는데 이제는 플리 바로바로 정리할 수 있게 되어서 너무너무 좋아요ㅠㅠ 재생목록 동기화도 유용하다고 하니까 화면에서 바로 볼 수 있게 꺼내주셨어요ㅠㅠ 지니뮤직 진짜 피드백 잘 반영해주셔서 감사해요 여러분 지니뮤직 기능이 불편하다 뭐하다 하지만 다 있거든요?? 설정이랑 그런데서 뒤적뒤적해보면 다 있으니까 한 번 찾아보세요 진짜 감동입니다 플리 스크롤 이제 안해도 된다니... 지니 잘쓸게요 또 UI도 그렇고 기능적으로 개선하려는 모습이 많이 보이니 앞으로 더 발전할 거라고 생각해요 항상 화이팅입니다 지니!! 감사해요~~ㅎㅎ,7,True,(주)케이티지니뮤직,2026-06-19,안녕하세요. 지니뮤직입니다. 소중한 시간을 내어 의견을 남겨주셔서 진심으로 감사드립니다. 앞으로도 더 만족스러운 이용 경험을 드릴 수 있도록 노력하겠습니다. 감사합니다.
com.ktmusic.geniemusic,지니뮤직 - genie,22,강별하,https://play-lh.googleusercontent.com/a/ACg8ocINxSFspE82TX80pkWIjdOeGdIo8cPlm-VWMKOganBDafMFTA=s32-rw-mo,2026-08-26,4,"너무 좋은데 플레이리스트에 곡을 넣으면 맨 밑으로 가서 다시 위로 올려야하는게 번거롭더라고요ㅠ 편집순, 아티스트순 등등 이런 데에 최근에 넣은 곡 순 이런게 추가됬으면 좋을 것 같아요!",2,True,(주)케이티지니뮤직,2026-08-27,"안녕하세요, 지니뮤직입니다. 서비스 이용과 관련하여 소중한 의견을 남겨주셔서 감사합니다. 죄송하게도 현재 말씀하신 기능은 제공되고 있지 않습니다. 말씀해주신 개선사항은 담당 부서에 전달하여 향후 서비스 개선 시 참고할 수 있도록 하겠습니다. 앞으로도 고객님의 의견에 귀 기울이며 더욱 편리한 서비스를 제공할 수 있도록 노력하겠습니다. 감사합니다."""
com.ktmusic.geniemusic,지니뮤직 - genie,23,김주원,https://play-lh.googleusercontent.com/a-/ALV-UjV1w6KcYFYeki0wivgqeXCnaV95f9td3ww9NtGz23hVQMw6NHwA=s32-rw,2026-08-25,1,솔직히 말하면 지니뮤직이 욕먹는이유가있음.. 기본도 제대로 안되어있으면서 이상한 기능을 자꾸 추가하려고 하고 1-가사:심지어 가사기능도 노래마다 일관성이 1도없음 심지어 어떤건 정리가 잘 되어있고 어떤건 제목도 적혀있고 심지어 발매일과 발매사까지 적혀있음 물론 사람들이 직접적는거지만. 검수는 지니뮤직이 하잖아요 그리고 최소한 가사 수정은 검수없이 자유롭게 하게 해주세요. 누가 바꾸면 누가 바꾼지 나오고 만약 악의적으로 바꾸면 나무위키처럼 정지를 하거나 그런 시스템으로요 2-: 쓸데없는 기능: 제발 무슨 나의 취향을 저격한 나른한 알앤비 이러면서 스래시메탈 밴드를 추천합니까.. 한곡도 아니라 전곡이.. 쓰잘데기가 없는 기능은 추가하지 말죠 좀,13,True,(주)케이티지니뮤직,2026-08-27,"안녕하세요, 지니뮤직입니다. 먼저 지니뮤직 서비스 이용에 불편과 실망을 드린 점 진심으로 사과드립니다. 남겨주신 소중한 의견은 담당 부서에 전달하여 서비스 이용 과정에서 불편을 느끼신 부분을 면밀히 확인하고, 보다 나은 서비스를 제공할 수 있도록 개선에 참고하겠습니다. 앞으로도 고객님의 의견에 귀 기울이며 더욱 편리하고 만족스러운 서비스를 제공할 수 있도록 노력하겠습니다. 감사합니다."
com.ktmusic.geniemusic,지니뮤직 - genie,24,이이준,https://play-lh.googleusercontent.com/a-/ALV-UjU48VlJ-IQhjEiCeq5OoZKcTV4WhUKONndipbunlYByDkWZMdXE=s32-rw,2026-08-24,1,버그 많음 사람들이 닉네임이 아니라 아이디로 보이고 다른 플리는 돼는데 특정 플리만 뮤허 개설 불가하다하고 뮤직허그 새로운 곡으로 넘어갈때 별다른 문제 없는데도 끊기고 그냥 노래 들을때도 갑자기 초기화돼고 이 외에 수많음 그리고 갑자기 노래가 계속 끊김,17,True,(주)케이티지니뮤직,2026-08-27,"안녕하세요. 지니뮤직 입니다. 먼저 이용에 불편을 드린 점 죄송합니다. 문의하신 증상에 대해 조치 방법 안내드립니다. * [전제메뉴] > [설정] > [재생/플레이어/다운로드] > [스트리밍 파일 임시저장] > [스트리밍 임시저장 파일 삭제, 이미지 임시저장 파일 삭제] 위 조치 후에도 동일 증상이라면 '오류 로그'를 첨부하여 아래 1:1문의 게시판으로 재문의 부탁드립니다. * [전체메뉴] > [고객센터] > [문의하기] > [1:1문의] > [서비스 문의하기] > [오류 로그 쌓기], [오류 로그 첨부] ON 감사합니다."
com.ktmusic.geniemusic,지니뮤직 - genie,25,정예원,https://play-lh.googleusercontent.com/a-/ALV-UjVfBj-hr--QgeluRj6mmyg7hRTf--Q-4gjQRT91RxXmbWhcnXt-=s32-rw,2026-08-18,5,"너무 좋아! 음질이 너무좋고, 제가 좋아하는 노래만추천해줘서 아주 잘사용하고있습니다^^",0,True,(주)케이티지니뮤직,2026-08-20,안녕하세요. 지니뮤직 입니다. 지니뮤직 서비스를 만족스럽게 이용해 주셔서 감사합니다. 앞으로 더욱 편리하고 만족스러운 서비스를 제공해 드릴 수 있도록 노력하겠습니다. 감사합니다.
com.ktmusic.geniemusic,지니뮤직 - genie,26,성이름,https://play-lh.googleusercontent.com/a/ACg8ocKHz9fuSfQIjkI6vrtrVUUtIWMZAs5qKUv2HxmhiKbB_oo54Q=s32-rw-mo,2026-08-16,1,아니 음악이 뭔 잠겨있어,0,True,(주)케이티지니뮤직,2026-08-20,안녕하세요. 지니뮤직 입니다. 찾으시는 음원이 없어 아쉬움을 느끼셨을 것 같습니다. 지니뮤직에서 서비스되길 원하시는 음원이 있으시다면 [음원 문의] 게시판을 통해 재문의 부탁드리겠습니다. * 전체메뉴 > 고객센터 > 문의하기 > 음원 문의 감사합니다.
com.ktmusic.geniemusic,지니뮤직 - genie,27,황경민 (서현특별시매봉시민),https://play-lh.googleusercontent.com/a/ACg8ocJtZG8VVlIqBATfCWgbkEoBACCxp_qQ1lkAYt1rV8VeS4jko1U=s32-rw-mo,2026-08-13,1,"... 비싸고,음악 듣기 힘듦.",0,True,(주)케이티지니뮤직,2026-08-14,안녕하세요. 지니뮤직 입니다. 먼저 만족스러운 서비스를 제공하지 못해 죄송합니다. 이용중 불편하신 점이 있으시다면 언제든 말씀 부탁드리며 항상 최선을 다해 서비스를 제공하는 지니뮤직이 되도록 노력하겠습니다. 의견 감사합니다.
com.ktmusic.geniemusic,지니뮤직 - genie,28,dy ko,https://play-lh.googleusercontent.com/a/ACg8ocIbeidwcgu1LKKjeJwhQ-pKHoT66rDYsjpNJfXoKEBC0XyePQ=s32-rw-mo,2026-08-12,1,안드로이드오토에서음악이왜잘안나오지갑자기,0,True,(주)케이티지니뮤직,2026-08-14,"안녕하세요. 지니뮤직입니다. 먼저 이용 중 불편을 드려 죄송합니다. 다만, 남겨주신 리뷰만으로는 증상 파악이 어려워 정확한 답변을 드리기 어렵습니다. 번거로우시겠지만 지니뮤직 고객센터 [1:1문의] 게시판을 통해 상세 문의 내용을 기재하여 재문의 주시면 확인 후 알맞은 조치를 안내해 드리도록 하겠습니다. ※ 전체메뉴 > [고객센터] > [문의하기] > [1:1문의] 감사합니다."
com.ktmusic.geniemusic,지니뮤직 - genie,29,sj JJJ,https://play-lh.googleusercontent.com/a/ACg8ocL_lvZApKCrc7wksN5M-cRvCN_xryZJfQ502je5A_v-WEvtu3c=s32-rw-mo,2026-08-12,2,지니뮤직 앱에 들어갈때마다 시크릿이용권 팝업이 뜹니다. 하루에 몇번이나 팝업을 닫아야하는데 상당히 불편해요. 수정해주세요.,0,True,(주)케이티지니뮤직,2026-08-14,안녕하세요. 지니뮤직입니다. 먼저 이용에 불편을 드린 점 죄송합니다. 남겨주신 의견은 담당 부서로 전달하여 개선될 수 있도록 노력하겠습니다. 감사합니다.
com.ktmusic.geniemusic,지니뮤직 - genie,30,백진영,https://play-lh.googleusercontent.com/a/ACg8ocJzkGLZHi2GwmOUlpW9Bk8yRYCVJEO2saFFpW7QsvBRb7TQDw=s32-rw-mo,2026-08-09,1,아휴 내가 졌다 졌어...차라리 벽을 보고 얘기하고 말지,2,True,(주)케이티지니뮤직,2026-03-12,안녕하세요. 지니뮤직입니다. 먼저 이용에 불편을 드린 점 죄송합니다. 남겨주신 의견은 담당 부서로 전달하여 개선될 수 있도록 노력하겠습니다. 감사합니다.
com.ktmusic.geniemusic,지니뮤직 - genie,31,박재현,https://play-lh.googleusercontent.com/a/ACg8ocKa-HKEFr3WwF6xQ7R0JQIaBWy_YAqhknN7tS8ph7mzmhdU=s32-rw-mo,2026-08-06,1,유명한건 다 없네 진짜 이정도로 최악인 앱은 당신이 처음이오🫠,0,True,(주)케이티지니뮤직,2026-08-14,안녕하세요. 지니뮤직 입니다. 먼저 많은 음원으로 서비스 드리지 못하는 점 사과드립니다. 남겨주신 의견을 참고하여 최대한 만족스러운 서비스를 제공할 수 있도록 노력하는 지니뮤직이 되겠습니다. 의견 감사합니다.
com.ktmusic.geniemusic,지니뮤직 - genie,32,S.J Lee,https://play-lh.googleusercontent.com/a/ACg8ocLBLj2Fa0dkNEHHTYtHV2Ms3MEY8TIc9vGx5vGSTp00mHLIxKk=s32-rw-mo,2026-08-06,1,"유튜브, 스포티파이 보면 내가 원하는 음악 하나 재생 시키면 해당 취향 음악 자동으로 재생목록에 넣어 주는 기능이 있는데 지니엔 없음 유사 라디오인가? 그게 있기는 한데 설정하면 내가 재생중이던 음악 중단하고 그거 틈. 번거로운 건 둘째치고 알고리즘이 좀 안 맞는 듯. 그래서 사람들이 선곡한 곡 같이 듣는 뮤직허그를 써봤더니 백그라운드에서 재생 잘 되다가 몇곡 넘어가면 재생 안됨. 가만히 냅두면 중간부터 재생되기도 하던데.. 연속적으로 재생되지 않고 중간부터 재생된다는 것 자체가 문제임 설정에서 끊김없는 재생? 혹시나 이걸 설정하면 달라질까 싶었는데 이걸 키나 끄나 차이가 없음. 알고리즘이 좀 안 맞는 게 가장 치명적.. 폰은 갤s25울",6,True,(주)케이티지니뮤직,2026-08-14,"안녕하세요. 지니뮤직입니다. 이용에 불편을 드려 죄송합니다. 현재는 유사곡 추천 기능이 제공되지 않아 개선되도록 노력하겠습니다. 추가적으로 재생 관련 조치 방법에 대해 안내드립니다. 1. [전제메뉴] > [설정] > [재생/플레이어/다운로드] > [스트리밍 파일 임시저장] > [스트리밍 임시저장 파일 삭제, 이미지 임시저장 파일 삭제] 2. [전체메뉴] > [안내/기타] > [지니랩] > [앱 사용 최적화 설정] > [백그라운드 데이터 사용 허용] ON / [배터리 최적화 제외] ON - '배터리 사용량 최적화' 이용 시 문제가 발생할 수 있기에 단말 설정에서 지니뮤직 앱을 최적화 제외를 부탁드립니다."
com.ktmusic.geniemusic,지니뮤직 - genie,33,김주엽,https://play-lh.googleusercontent.com/a/ACg8ocKKZZ6tXfaIXC_mbIYHa-WZmzLK1ZMz4tRUCpKA1r5kRVyAeQ=s32-rw-mo,2026-08-05,1,뭔 노래 하나 추가해서 위로 올리면 모든노래가 다 섞이냐,2,True,(주)케이티지니뮤직,2026-08-14,"안녕하세요. 지니뮤직입니다. 먼저 이용 중 불편을 드려 죄송합니다. 다만, 남겨주신 리뷰만으로는 증상 파악이 어려워 정확한 답변을 드리기 어렵습니다. 번거로우시겠지만 지니뮤직 고객센터 [1:1문의] 게시판을 통해 말씀하신 증상이 재생목록에서 발생하시는지 아니면 내음악에서 발생하는지 기재해 주시면 확인 후 알맞은 안내를 도와드리도록 하겠습니다. ※ 전체메뉴 > [고객센터] > [문의하기] > [1:1문의] 끝으로 바로 도움을 드리지 못한 점 양해 부탁드립니다. 감사합니다."
com.ktmusic.geniemusic,지니뮤직 - genie,34,낙석파전,https://play-lh.googleusercontent.com/a/ACg8ocJTKye2Ufj_gYNHVMc-V-xIs9ZgEToj5U-PhlMvnlWeLu4d_A=s32-rw-mo,2026-08-02,1,ui개불편하고 멜론이 훨 좋음 플레이리스트 만들어도 지멋대로삭제됨 멜론으로들으세여 플레이리스트복구해라 삭제한적이없는데 개가튼거,0,True,(주)케이티지니뮤직,2026-08-03,"안녕하세요. 지니뮤직입니다. 먼저 이용에 불편을 드린 점 사과드립니다. 번거로우시겠지만 아래 경로에 따라 지니뮤직 고객센터를 통해 로그 파일을 보내주시면 확인 후 안내를 드릴 수 있도록 하겠습니다. * 전체메뉴 > 고객센터 > 문의하기 > 1:1문의 > 서비스 문의하기 > 오류 로그 쌓기, 오류 로그 첨부 ON 다시 한번 이용에 불편을 드린 점 사과드립니다. 감사합니다."
com.ktmusic.geniemusic,지니뮤직 - genie,35,skt kkk,https://play-lh.googleusercontent.com/a/ACg8ocIFI9CrEfLd9Yv4TvhQXd8eg4amroeWUeGi64RwmFcjVFcqauj7=s32-rw-mo,2026-08-02,1,5년 넘게 사용했는데 너무 자주 끊김. 지니뮤직 결제 문자는 꼬박 꼬박 온다. 문자 받은 김에 결국 오늘 해지함. 장기고객 혜택도 없는것 같다. 스포티파이나 벅스로 가야겠다.,0,True,(주)케이티지니뮤직,2026-08-03,안녕하세요. 지니뮤직 입니다. 오랜 시간 이용하시는 과정에서 불편을 드린 점 사과드립니다. 남겨주신 의견을 참고하여 보다 나은 경험을 드릴 수 있는 지니뮤직이 되도록 노력하겠습니다. 감사합니다.
com.ktmusic.geniemusic,지니뮤직 - genie,36,Sj Yoo,https://play-lh.googleusercontent.com/a/ACg8ocJLrzHD07El7Hkw3XOvJQ0qpX8eVmdRXA8X07mqcOF8HXrUlQ=s32-rw-mo,2026-08-01,5,굳,0,True,(주)케이티지니뮤직,2026-08-03,안녕하세요. 지니뮤직입니다. 소중한 시간을 내어 의견을 남겨주셔서 진심으로 감사드립니다. 앞으로도 더 만족스러운 이용 경험을 드릴 수 있도록 노력하겠습니다. 감사합니다.
com.ktmusic.geniemusic,지니뮤직 - genie,37,트랙사스매니아,https://play-lh.googleusercontent.com/a-/ALV-UjWgU8I2BV2OC1efH3J-X5SUuiC-jgGHfZRw_jgUAem2tnPQ7StjOw=s32-rw,2026-08-01,5,앱은 진짜 좋습니다 근데 문제는 음악이나 노래 검색하면 포함돼서 나와야 되는데 따로따로 나와서 일일이 찾아서 들어야 하는 불편이 있습니다 이 점 수정해 주세요 제발,0,True,(주)케이티지니뮤직,2026-08-03,안녕하세요. 지니뮤직입니다. 먼저 이용에 불편을 드린 점 죄송합니다. 남겨주신 의견은 담당 부서로 전달하여 개선될 수 있도록 노력하겠습니다. 감사합니다.
com.ktmusic.geniemusic,지니뮤직 - genie,38,en R,https://play-lh.googleusercontent.com/a/ACg8ocIy0_BLNKAvNVh1eT6wy9WgQJb0GlNuvUfoAJ-8_w1927sPEew=s32-rw-mo,2026-07-30,1,가입문자 하나 제대로 못날리는건 장사를 안한다는 소리지...스팸함이고 카톡이고 문자 관련 확인은 다해봤는데 안옴 몇번이나,0,False,,,
com.ktmusic.geniemusic,지니뮤직 - genie,39,신민서,https://play-lh.googleusercontent.com/a-/ALV-UjXL4UMarhO9CttbD0rXmE8UhqZqO4Kou4nbMprPjLhBZpjzf1I=s32-rw,2026-07-30,1,이용권 구매하는 과정에서 잠시만 기다리라는데 도대체가 얼마나가 잠시만인지...,0,True,(주)케이티지니뮤직,2026-08-03,"안녕하세요. 지니뮤직 입니다. 죄송하지만 말씀하신 내용만으로는 증상 파악이 어렵습니다. 번거로우시겠지만 앱 종료 후 다시 한번 이용권 구매 시도를 부탁드리며, 그래도 동일한 증상이라면 아래 경로를 참고하여 지니뮤직 고객센터로 재문의 부탁드립니다. * 전체메뉴 > 고객센터 > 문의하기 감사합니다."
com.ktmusic.geniemusic,지니뮤직 - genie,40,SC B (BSC),https://play-lh.googleusercontent.com/a-/ALV-UjW2pVbgAvn4L1KC6tVd8xlPtEE5BUaI0hVaVP55XK2hrCMWVcc=s32-rw,2026-07-29,1,"와 이 양반들은 내 소비자 말이 우습나. 왜 사용자 의견을 개무시를하지? 업데이트를 몇번이나 기다려도 뱐화가 1도 없네?=사람 의견이 반영이 안되요? 1년 전쯤에 문의를 했는데, 왜 아직도 수정이 안되는거지요?=내가 설정방법을 모르는건가지, 그런 기능이 없는 건지 몰라도. 보통 '내 플레이리스트'에 음악을 넣을 때 내가 최근에 추가한 음악이 가장 위에 설정되고, 그 플레이리스트를 재생 했을 때, 마지막에 넣은 음악이 가장 먼저 재생되야 하는게 일반적이지 않나요? 왜 그게 안되는거죠? 내가 뭘 잘못 알고 있는 건가요?",71,True,(주)케이티지니뮤직,2026-08-03,"안녕하세요. 지니뮤직입니다. 이용에 불편드려 죄송합니다. 문의하신 '곡 추가 위치 설정' 기능은 재생목록 [노래] 메뉴에서만 제공되고 있으며, 그 외 내음악, 재생목록 [플레이리스트, 오디오, MY] 메뉴에선 제공되고 있지 않습니다. 말씀해주신 내용은 개선될 수 있도록 노력하겠습니다. 감사합니다."
com.ktmusic.geniemusic,지니뮤직 - genie,41,김병민,https://play-lh.googleusercontent.com/a-/ALV-UjUnjf8UfJ22GQVO0KoHwG7L2miJqbDgZrFFFbX5B37N-oet_fOW=s32-rw,2026-07-29,2,안드로이드 오토 자꾸 충돌나요. 노래가 조금 들리다가 안들리고 그것때문에 네비도 소리 안나고 여태 안그러다가 최근 몇달간 계속 그러네요 몇번을 지우고 다시 깔아야됨,0,True,(주)케이티지니뮤직,2026-08-03,"안녕하세요. 지니뮤직 입니다. 먼저 이용에 불편을 드린 점 대단히 죄송합니다. 번거로우시겠지만 지니뮤직 고객센터를 통해 재문의 주시면 확인 후 알맞은 조치 방법에 대해 안내드릴 수 있도록 하겠습니다. * 전체메뉴 > 고객센터 > 문의하기 빠른 도움을 드리지 못하는 점 양해 바랍니다. 감사합니다,"
com.ktmusic.geniemusic,지니뮤직 - genie,42,ᅲ에휴,https://play-lh.googleusercontent.com/a/ACg8ocLp-O1TKmlEA_Myj2gCyf_36Gp70RdC1sraX_StJnM4wtHn=s32-rw-mo,2026-07-28,5,곡 재생시 음질 표시좀요,0,True,(주)케이티지니뮤직,2026-08-03,안녕하세요. 지니뮤직입니다. 먼저 이용에 불편을 드린 점 죄송합니다. 남겨주신 의견은 담당 부서로 전달하여 개선될 수 있도록 노력하겠습니다. 감사합니다.
com.ktmusic.geniemusic,지니뮤직 - genie,43,MC S,https://play-lh.googleusercontent.com/a-/ALV-UjWB842auCLMr0D-1x_u2p_42nhHX6Bb5zOnNSEZmVzEGoQBfPW3=s32-rw,2026-07-26,2,안드로이드오토에서 차트200 화면이 안나오고 로딩만 계속됨,0,True,(주)케이티지니뮤직,2026-07-28,안녕하세요. 지니뮤직입니다. 먼저 이용 중 불편을 드려 죄송합니다. 번거로우시겠지만 지니뮤직 고객센터 [1:1문의] 게시판을 통해 상세 문의 내용을 기재하여 재문의 주시면 확인 후 알맞은 조치를 안내해 드리도록 하겠습니다. ※ 전체메뉴 > [고객센터] > [문의하기] > [1:1문의] 감사합니다
com.ktmusic.geniemusic,지니뮤직 - genie,44,윤예원,https://play-lh.googleusercontent.com/a-/ALV-UjUkUv1DV3o6jeCyKn_8fnQOOAGVlBknXuwv3VF8Hzjp9wJbTec=s32-rw,2026-07-25,5,'HALCALI - 수고했어 여름' 넣어주세요 . 그리고 플레이리스트에 노래 담을 때 왜 한 곡을 찾아서 선택하고 다른 곡을 찾아서 선택하면 추가가 안되는 거죠? 한 곡 담고 다시 노래 추가하기 누르고 또 담고 이걸 반복하며 담아야 하니까 진심 불편하네요. 한꺼번에 담으려면 재생목록이나 좋아요한 곡 등 한 키워드에서만 가능 하네요. 이 점 고쳐주시기 바랍니다. 그래도 나머지는 꽤 괜찮고 AI도 있어서 좋네요.,17,True,(주)케이티지니뮤직,2026-07-28,안녕하세요. 지니뮤직입니다. 먼저 이용에 불편을 드린 점 죄송합니다. 남겨주신 의견은 담당 부서로 전달하여 개선될 수 있도록 노력하겠습니다. 감사합니다.
com.ktmusic.geniemusic,지니뮤직 - genie,45,김진석,https://play-lh.googleusercontent.com/a-/ALV-UjXeU_u8uZroNjgl8ybhksW1ITZbmSTFYkvAV85bQgEtqR2-5x4b=s32-rw,2026-07-25,2,짭 많다. 특히 펑크에 많은데 원곡도 좀 주면 좋겠다.그리고 이번에 AI DJ가 나와서 일본 애니 OST주라고 했는데 신비아파트를 줘? 이것도 좀 관리해라. 그리고 괜찮은 거 19금하지 말고 진짜 이상한 내용있는 것만 19금 박아라 맘 같아서 1점 주고 싶지만 2년 동안 썼으니 봐준다,0,True,(주)케이티지니뮤직,2026-07-28,안녕하세요. 지니뮤직입니다. 먼저 이용에 불편을 드린 점 죄송합니다. 남겨주신 의견은 담당 부서로 전달하여 개선될 수 있도록 노력하겠습니다. 감사합니다.
com.ktmusic.geniemusic,지니뮤직 - genie,46,HH C,https://play-lh.googleusercontent.com/a-/ALV-UjX-PeUxVtw5mAiumlsSKaPcTrLtgjHfEGuE98BMo7OA9yBnEvoe=s32-rw,2026-07-24,2,안드로이드 오토 사용시 유선이든 무선이든 연결되면 다 좋은데 안오토 지니재생후 지니 홈 눌러서 신규나 인기차트 볼라고 해도 차에서 홈모드는 무한로딩으로 나와서 불편함 폰에서는 가능함..,0,True,(주)케이티지니뮤직,2026-07-28,안녕하세요. 지니뮤직입니다. 먼저 이용 중 불편을 드려 죄송합니다. 번거로우시겠지만 지니뮤직 고객센터 [1:1문의] 게시판을 통해 상세 문의 내용을 기재하여 재문의 주시면 확인 후 알맞은 조치를 안내해 드리도록 하겠습니다. ※ 전체메뉴 > [고객센터] > [문의하기] > [1:1문의] 감사합니다.
com.ktmusic.geniemusic,지니뮤직 - genie,47,임종국,https://play-lh.googleusercontent.com/a-/ALV-UjVWr1kfqPFbDU5t-oFE_YeaTfuK7lahr3kL17Pk56YYjS5WFvE=s32-rw,2026-07-20,2,실행시 강제종료 되네요....,0,True,(주)케이티지니뮤직,2026-07-28,"안녕하세요. 지니뮤직입니다. 먼저 이용 중 불편을 드려 죄송합니다. 다만, 남겨주신 리뷰만으로는 증상 파악이 어려워 정확한 답변을 드리기 어렵습니다. 번거로우시겠지만 지니뮤직 고객센터 [1:1문의] 게시판을 통해 상세 문의 내용을 기재하여 재문의 주시면 확인 후 알맞은 조치를 안내해 드리도록 하겠습니다. ※ 전체메뉴 > [고객센터] > [문의하기] > [1:1문의] 감사합니다."
com.ktmusic.geniemusic,지니뮤직 - genie,48,3412이건화,https://play-lh.googleusercontent.com/a/ACg8ocKuQwbxhXjePXXEr0S4L8Jmm5yt4C3EQrsCkCALL8sHG7x7Bw=s32-rw-mo,2026-07-19,1,이용권 구매했는데 자꾸 1분 미리듣기만 뜨네요,0,True,(주)케이티지니뮤직,2026-07-28,"안녕하세요. 지니뮤직입니다. 먼저 이용 중 불편을 드려 죄송합니다. 다만, 남겨주신 리뷰만으로는 증상 파악이 어려워 정확한 답변을 드리기 어렵습니다. 번거로우시겠지만 지니뮤직 고객센터 [1:1문의] 게시판을 통해 상세 문의 내용을 기재하여 재문의 주시면 확인 후 알맞은 조치를 안내해 드리도록 하겠습니다. ※ 전체메뉴 > [고객센터] > [문의하기] > [1:1문의] 감사합니다."
com.ktmusic.geniemusic,지니뮤직 - genie,49,뾃뾆쀏쀒뾃뾆쀏쀒,https://play-lh.googleusercontent.com/a-/ALV-UjWVh_tDY65CRke9u--1Xr4DV6cC1PoV0FRrMdPSiNgH8ek4fUho=s32-rw,2026-07-19,1,안드로이드 오토 사용시 음질이 별로 안좋음,0,True,(주)케이티지니뮤직,2026-07-28,"안녕하세요. 지니뮤직입니다. 먼저 이용 중 불편을 드려 죄송합니다. 다만, 남겨주신 리뷰만으로는 증상 파악이 어려워 정확한 답변을 드리기 어렵습니다. 번거로우시겠지만 지니뮤직 고객센터 [1:1문의] 게시판을 통해 상세 문의 내용을 기재하여 재문의 주시면 확인 후 알맞은 조치를 안내해 드리도록 하겠습니다. ※ 전체메뉴 > [고객센터] > [문의하기] > [1:1문의] 감사합니다."
com.ktmusic.geniemusic,지니뮤직 - genie,50,서민준,https://play-lh.googleusercontent.com/a-/ALV-UjXDi8DhxEzvQmyiytuwk1VMg8NnSlBVchZ1cHrXaAOosJuK0cLg=s32-rw,2026-07-19,2,요즘 여러가지 앱들을 쓰고있는데 지니뮤직은 가사없는 유명한 노래들이 너무 많아요 그래서 가사좀 추가해주셨으면 좋겠습니다,0,True,(주)케이티지니뮤직,2026-07-28,안녕하세요. 지니뮤직입니다. 먼저 이용에 불편을 드린 점 죄송합니다. 남겨주신 의견은 담당 부서로 전달하여 개선될 수 있도록 노력하겠습니다. 감사합니다.
com.ktmusic.geniemusic,지니뮤직 - genie,51,내일하루,https://play-lh.googleusercontent.com/a-/ALV-UjVoOsc22-gLeAi2I8vvUGdlxFSXL3I568VW5zA9G90sHaboLKJF=s32-rw,2026-07-18,5,뮤비까지 볼 수 있어 좋네요😊,1,True,(주)케이티지니뮤직,2026-07-28,안녕하세요. 지니뮤직입니다. 소중한 시간을 내어 의견을 남겨주셔서 진심으로 감사드립니다. 앞으로도 더 만족스러운 이용 경험을 드릴 수 있도록 노력하겠습니다. 감사합니다.
com.ktmusic.geniemusic,지니뮤직 - genie,52,오한올땐 탄두리,https://play-lh.googleusercontent.com/a-/ALV-UjVl20fIbgdRv1jFLpbxn67KXvu29LrwzyOF1lA6KPbtyDUa7RI=s32-rw,2026-07-15,1,노래가 앨범 순서대로 안 나오고 무작위로 나오네요 제발 고쳐주세요,0,True,(주)케이티지니뮤직,2026-07-16,"안녕하세요. 지니뮤직입니다. 지니뮤직 APP 플레이어 우측 하단 '셔플 재생' 아이콘(교차된 화살표) 확인을 부탁드립니다. 이 기능을 활성화하시면 순서대로가 아닌 무작위로 재생됩니다. 한 번 더 누르시면 아이콘 해제되며, 다시 순차 재생 모드로 돌아갑니다. 감사합니다."
com.ktmusic.geniemusic,지니뮤직 - genie,53,김효민,https://play-lh.googleusercontent.com/a/ACg8ocLHfvp0VE17Up1UNiXajF1rZPrbUEn2a6ijVIVQggZDl_1Pyw=s32-rw-mo,2026-07-15,1,왜자꾸 끊기죠..하 케이티어쩔수없이 들어야돼서 다른어플끊었는데 진짜 너무심해요 정말 진짜..,0,True,(주)케이티지니뮤직,2026-07-16,"안녕하세요. 지니뮤직입니다. 먼저 이용 중 불편을 드려 죄송합니다. 다만, 남겨주신 리뷰만으로는 증상 파악이 어려워 정확한 답변을 드리기 어렵습니다. 번거로우시겠지만 지니뮤직 고객센터 [1:1문의] 게시판을 통해 상세 문의 내용을 기재하여 재문의 주시면 확인 후 알맞은 조치를 안내해 드리도록 하겠습니다. ※ 전체메뉴 > [고객센터] > [문의하기] > [1:1문의] 감사합니다."
com.ktmusic.geniemusic,지니뮤직 - genie,54,이현호,https://play-lh.googleusercontent.com/a/ACg8ocJmkTcVD89Ay5tJAzPtF5jEuqO6yDcOfIza1hFldg-WI-mRUA=s32-rw-mo,2026-07-15,4,"핸드폰 바꿔서 새폰으로 로그인 하려는데 자꾸 회원가입 화면으로 넘어가는데 어떻게 하죠,,",0,True,(주)케이티지니뮤직,2026-07-16,"안녕하세요. 지니뮤직입니다. 먼저 이용 중 불편을 드려 죄송합니다. 다만, 남겨주신 리뷰만으로는 증상 파악이 어려워 정확한 답변을 드리기 어렵습니다. 번거로우시겠지만 지니뮤직 고객센터 [1:1문의] 게시판을 통해 상세 문의 내용을 기재하여 재문의 주시면 확인 후 알맞은 조치를 안내해 드리도록 하겠습니다. ※ 전체메뉴 > [고객센터] > [문의하기] > [1:1문의] 감사합니다."
com.ktmusic.geniemusic,지니뮤직 - genie,55,김희원,https://play-lh.googleusercontent.com/a/ACg8ocK80ORs8B4q9T04y-1yOS-EYEAKcs_6bhmioEKEA4WakiUZRg=s32-rw-mo,2026-07-15,3,다 좋은데 j-pop들 가사가 일본어로만 되어있어서 좀 아쉽네요 일본어 발음도 같이 적혀 있으면 참 좋을텐데 말이죠,0,True,(주)케이티지니뮤직,2026-07-16,안녕하세요. 지니뮤직입니다. 소중한 시간을 내어 의견을 남겨주셔서 진심으로 감사드립니다. 앞으로도 더 만족스러운 이용 경험을 드릴 수 있도록 노력하겠습니다. 감사합니다.
com.ktmusic.geniemusic,지니뮤직 - genie,56,최명희,https://play-lh.googleusercontent.com/a/ACg8ocKeLNNOl6GY9T3En95WtaMSr0c27YX5EtpWkf7KvmZKjUDY1w=s32-rw-mo,2026-07-13,3,이것저것 기능들이 불편한게 많음. 폰 요금제 때문에 쓰긴 하지만 내 돈 주고는 안 쓸것같은..,1,True,(주)케이티지니뮤직,2026-07-16,안녕하세요. 지니뮤직입니다. 먼저 이용에 불편을 드린 점 죄송합니다. 남겨주신 의견은 담당 부서로 전달하여 개선될 수 있도록 노력하겠습니다. 감사합니다.
com.ktmusic.geniemusic,지니뮤직 - genie,57,해님달님,https://play-lh.googleusercontent.com/a/ACg8ocLUYRqOqRrDvMIAfd08CRG0Yk2sxkx7h88w1S1vjaaH7lA5ow=s32-rw-mo,2026-07-10,1,플레이리스트 처음으로 끝으로 사라져서 뒤지게 순서수정 힘듬,0,True,(주)케이티지니뮤직,2026-07-16,안녕하세요. 지니뮤직입니다. 먼저 이용에 불편을 드린 점 죄송합니다. 남겨주신 의견은 담당 부서로 전달하여 개선될 수 있도록 노력하겠습니다. 감사합니다.
com.ktmusic.geniemusic,지니뮤직 - genie,58,두비두밥,https://play-lh.googleusercontent.com/a/ACg8ocLThOpXZJp6o8xCpJPiy9CvH1fQPM4ijpKhPBAFhSqUvoE8oA=s32-rw-mo,2026-07-09,5,애플에서 갤럭시로 폰 기종을 바꾸었을 때 연동될 수 있도록 했으면 좋을 것 같아요 바꾼 폰을 일일이 켜서 인증받기가 불편하고 귀찮아요 업데이트 해주시면 감사하겠습니다아 ㅠㅠ,0,True,(주)케이티지니뮤직,2026-07-10,안녕하세요. 지니뮤직입니다. 소중한 시간을 내어 의견을 남겨주셔서 진심으로 감사드립니다. 앞으로도 더 만족스러운 이용 경험을 드릴 수 있도록 노력하겠습니다. 감사합니다.
com.ktmusic.geniemusic,지니뮤직 - genie,59,천혜림,https://play-lh.googleusercontent.com/a/ACg8ocIqupZYVT55UuXlNuL4EpzufaZg-VltUwcXLFZvC0hUENIlMw=s32-rw-mo,2026-07-09,1,계속 지혼자 넘어사요.,0,True,(주)케이티지니뮤직,2026-07-10,"안녕하세요. 지니뮤직입니다. 먼저 이용 중 불편을 드려 죄송합니다. 다만, 남겨주신 리뷰만으로는 증상 파악이 어려워 정확한 답변을 드리기 어렵습니다. 번거로우시겠지만 지니뮤직 고객센터 [1:1문의] 게시판을 통해 상세 문의 내용을 기재하여 재문의 주시면 확인 후 알맞은 조치를 안내해 드리도록 하겠습니다. ※ 전체메뉴 > [고객센터] > [문의하기] > [1:1문의] 감사합니다."
com.ktmusic.geniemusic,지니뮤직 - genie,60,조현우,https://play-lh.googleusercontent.com/a/ACg8ocJq95Cm3r4qPb2oXGUSnBfQEiTulMlAVrPz1CZ6hWBPWHPvVQ=s32-rw-mo,2026-07-08,4,"다 좋은데 재생목록 창에 버그가 너무 많네요. 노래를 넘겨도 화면에서는 안 넘어가고 노래만 넘어가는 버그도 있고, 재생목록에서 노래를 삭제하면 재생 순서에 버그가 생겨요 예를들어 뜨거운 안녕을 듣고싶어 눌렀는데 예술이야가 나온다던가 요즘들어 버그가 많아지네요 빠른 수정 부탁드립니다.",2,True,(주)케이티지니뮤직,2026-07-10,"안녕하세요. 지니뮤직입니다. 먼저 이용 중 불편을 드려 죄송합니다. 다만, 남겨주신 리뷰만으로는 증상 파악이 어려워 정확한 답변을 드리기 어렵습니다. 번거로우시겠지만 지니뮤직 고객센터 [1:1문의] 게시판을 통해 상세 문의 내용을 기재하여 재문의 주시면 확인 후 알맞은 조치를 안내해 드리도록 하겠습니다. ※ 전체메뉴 > [고객센터] > [문의하기] > [1:1문의] 감사합니다."
com.ktmusic.geniemusic,지니뮤직 - genie,61,김주연,https://play-lh.googleusercontent.com/a/ACg8ocKCt_YVZbEVbr1utfx5OCHWN4eqiPaQUrgEQgTOFAxrkg3R4w=s32-rw-mo,2026-07-06,2,노래인식이 전혀 안됨,0,True,(주)케이티지니뮤직,2026-07-10,"안녕하세요. 지니뮤직입니다. 먼저 이용 중 불편을 드려 죄송합니다. 다만, 남겨주신 리뷰만으로는 증상 파악이 어려워 정확한 답변을 드리기 어렵습니다. 번거로우시겠지만 지니뮤직 고객센터 [1:1문의] 게시판을 통해 상세 문의 내용을 기재하여 재문의 주시면 확인 후 알맞은 조치를 안내해 드리도록 하겠습니다. ※ 전체메뉴 > [고객센터] > [문의하기] > [1:1문의] 감사합니다."
com.ktmusic.geniemusic,지니뮤직 - genie,62,파도처럼.,https://play-lh.googleusercontent.com/a/ACg8ocLKUktNDKiLoN-lNc1lMEl9b504y4MX1lXrbSZA5LHtK7K3Lg=s32-rw-mo,2026-07-04,5,노래도 많고 좋은데 글자가 작아 안보이네요. 앱의 글자를 크게 하는 기능을 넣어 주세요.,0,True,(주)케이티지니뮤직,2026-07-08,안녕하세요. 지니뮤직입니다. 먼저 이용에 불편을 드린 점 죄송합니다. 남겨주신 의견은 담당 부서로 전달하여 개선될 수 있도록 노력하겠습니다. 감사합니다.
com.ktmusic.geniemusic,지니뮤직 - genie,63,블루몬드,https://play-lh.googleusercontent.com/a-/ALV-UjUEIE_Fl4F4WKJ8DZCslPMtqt30dN2aoHATeLgLosj4kw7R4DR9=s32-rw,2026-06-26,4,앱이 왜 실행이 안되고 먹통이죠,1,True,(주)케이티지니뮤직,2026-07-08,"안녕하세요. 지니뮤직입니다. 먼저 이용 중 불편을 드려 죄송합니다. 다만, 남겨주신 리뷰만으로는 증상 파악이 어려워 정확한 답변을 드리기 어렵습니다. 번거로우시겠지만 단말기 재부팅 및 앱 삭제 후 재설치를 부탁드립니다. 위 조치 후에도 동일 증상이 발생된다면 PC 홈페이지 지니뮤직 고객센터 [1:1문의] 게시판을 통해 상세 문의 내용을 기재하여 재문의 주시면 확인 후 알맞은 조치를 안내해 드리도록 하겠습니다. ※ 전체메뉴 > [고객센터] > [문의하기] > [1:1문의] 감사합니다."
com.ktmusic.geniemusic,지니뮤직 - genie,64,조세현,https://play-lh.googleusercontent.com/a/ACg8ocKvphPMquO2DzERbL0virHhk-u6YgjkmFgFgpJ6J1nOcLWwkg=s32-rw-mo,2026-06-26,5,옛날부터 사용했지만 더이상 쓰고싶지 않은 어플 그냥 돈만 빨아먹는 모기같은 아니 모기로 흉내 내기도 아까운 어플입니다,2,True,(주)케이티지니뮤직,2026-07-08,안녕하세요. 지니뮤직입니다. 소중한 시간을 내어 의견을 남겨주셔서 진심으로 감사드립니다. 앞으로도 더 만족스러운 이용 경험을 드릴 수 있도록 노력하겠습니다. 감사합니다.
com.ktmusic.geniemusic,지니뮤직 - genie,65,주니다요,https://play-lh.googleusercontent.com/a-/ALV-UjWN8n9_wn6Dl1ZsHiVu-PGLmMjjhzrWU_rjgYyUGQyWyDziIWA=s32-rw,2026-06-25,1,"""내 음악"" 파일에 힘들게 , 노래 추가를 하면 그 다음날 몇 곡 사라지거나 아예 다 사라짐, 즉 KT만 손대면 다 이상해짐ㅋㅋㅋㅋ ( 오늘 이후로 지니뮤직 사요나라 )",1,True,(주)케이티지니뮤직,2026-06-26,"안녕하세요. 지니뮤직입니다. 먼저 이용 중 불편을 드려 죄송합니다. 다만, 남겨주신 리뷰만으로는 증상 파악이 어려워 정확한 답변을 드리기 어렵습니다. 번거로우시겠지만 지니뮤직 고객센터 [1:1문의] 게시판을 통해 상세 문의 내용을 기재하여 재문의 주시면 확인 후 알맞은 조치를 안내해 드리도록 하겠습니다. ※ 전체메뉴 > [고객센터] > [문의하기] > [1:1문의] 감사합니다."
com.ktmusic.geniemusic,지니뮤직 - genie,66,양선웅,https://play-lh.googleusercontent.com/a/ACg8ocL4zU3iHr7Za5dr4agSbzmUcyYn8IcKnKKJTpt-2DQMYtbF8w=s32-rw-mo,2026-06-24,1,왜 데이터가 잘터지는데 지니뮤직만 네트워크 요청중이라고 재생이지연되는지 이유를모르겟내요...KT만 아니엇어도 진작에 버렷을어플,1,True,(주)케이티지니뮤직,2026-06-26,"안녕하세요, 지니뮤직입니다. 먼저 서비스 이용에 불편을 드려 죄송합니다. 문의하신 증상은 일시적인 내부 네트워크 지연 문제로 파악되어 즉시 복구 처리를 진행하였습니다. 동일한 증상이 발생하지 않도록 서비스 안전 위해 노력하겠습니다. 감사합니다."
com.ktmusic.geniemusic,지니뮤직 - genie,67,강성은,https://play-lh.googleusercontent.com/a/ACg8ocIkGIP3C93VpuohTaKhrVeGmaMq509mgaXQEMnqnSuRaIT_OA=s32-rw-mo,2026-06-23,1,아니 왜 자꾸 다음곡으로 혼자넘어가고 노래끊김 오져요 서버 불안정한거같은데 주기적으로 이러는듯 ;;; 정기 결제일 끝나면 옮기는게 정신건강에 좋을거같아요..,2,True,(주)케이티지니뮤직,2026-06-26,"안녕하세요, 지니 뮤직입니다. 먼저 서비스 이용에 불편을 드려 죄송합니다. 문의하신 증상은 일시적인 내부 네트워크 지연 문제로 파악되어 즉시 복구 처리를 진행하였습니다. 동일한 증상이 발생하지 않도록 서비스 안전 위해 노력하겠습니다. 감사합니다."
com.ktmusic.geniemusic,지니뮤직 - genie,68,안녕하세요,https://play-lh.googleusercontent.com/a/ACg8ocI6Tf-T_1jEfEGUcJMmDIQ4J5j00oesTuo5gpxBSZFxaeXWaA=s32-rw-mo,2026-06-23,1,지금 시대가 어느땐데 앱 인터넷 연결이 끊어지는 거야 쪽팔리게ㅋㅋ 왜 케이티가 가져간 건 다 이 모양이지?,1,True,(주)케이티지니뮤직,2026-06-26,"안녕하세요, 지니 뮤직입니다. 먼저 서비스 이용에 불편을 드려 죄송합니다. 문의하신 증상은 일시적인 내부 네트워크 지연 문제로 파악되어 즉시 복구 처리를 진행하였습니다. 동일한 증상이 발생하지 않도록 서비스 안전 위해 노력하겠습니다. 감사합니다."
com.ktmusic.geniemusic,지니뮤직 - genie,69,Hyeonseo Jeon,https://play-lh.googleusercontent.com/a-/ALV-UjWCjhvpFhYyztwuBM9p65F7w7EJcZB63EUXUtqb7g53-dfD0ip5=s32-rw,2026-06-23,4,"지니뮤직 잘 이용하고 있는데, 요즘따라 네트워크가 원활하지 않아 재생이 지연되는 이슈가 발생하고 있습니다. 특히 백그라운드 통신 시, 더 자주 발생하는 것 같아요, 권한을 들 준게 있나 찾아봤는데, 더 이상 더 줄 권한도 없네요.. 몇 시간이 아니고, 요즘에 계속 꾸준히 수시로 발생하고 있습니다. 어쩔 때는 잘되서 인지하지 못하고 있을 수 있는데, 가급적 빨리확인하시고, 문제해결 부탁드립니다. 사용자가 많이 불편할걸로 보여집니다. 사용버전은 2026/06/23 기준으로 최신버전으로 사용하고 있습니다. 안드로이드 15버전 입니다.",7,True,(주)케이티지니뮤직,2026-06-26,"안녕하세요, 지니 뮤직입니다. 먼저 서비스 이용에 불편을 드려 죄송합니다. 문의하신 증상은 일시적인 내부 네트워크 지연 문제로 파악되어 즉시 복구 처리를 진행하였습니다. 동일한 증상이 발생하지 않도록 서비스 안전 위해 노력하겠습니다. 감사합니다."
com.ktmusic.geniemusic,지니뮤직 - genie,70,seong joon kim,https://play-lh.googleusercontent.com/a/ACg8ocLMoGzxmTtpiNnwz0rjlBE0hkWYUeOjOJlQrv3rnVOv0vMMyQ=s32-rw-mo,2026-06-22,1,"며칠전부터 네트워크 원활하지 않다면서 다음곡으로 바로 안넘어가는데, 패치 의지는 있는건가요? 너무 답답한데",1,True,(주)케이티지니뮤직,2026-06-26,"안녕하세요, 지니 뮤직입니다. 먼저 서비스 이용에 불편을 드려 죄송합니다. 문의하신 증상은 일시적인 내부 네트워크 지연 문제로 파악되어 즉시 복구 처리를 진행하였습니다. 동일한 증상이 발생하지 않도록 서비스 안전 위해 노력하겠습니다. 감사합니다."
com.ktmusic.geniemusic,지니뮤직 - genie,71,배기운,https://play-lh.googleusercontent.com/a/ACg8ocLn2OYPSU2o2xpFfFhiqJZNPTMyK41okTgWMjcQdwS5Zzjrpg=s32-rw-mo,2026-06-21,1,유튜브뮤직 스포티등에 밀려 kt에서 버린 사업이라 ㅈ버그 많음 다운은 맨날 나있음,1,True,(주)케이티지니뮤직,2026-06-26,"안녕하세요, 지니 뮤직입니다. 먼저 서비스 이용에 불편을 드려 죄송합니다. 문의하신 증상은 일시적인 내부 네트워크 지연 문제로 파악되어 즉시 복구 처리를 진행하였습니다. 동일한 증상이 발생하지 않도록 서비스 안전 위해 노력하겠습니다. 감사합니다."
com.ktmusic.geniemusic,지니뮤직 - genie,72,W Son,https://play-lh.googleusercontent.com/a/ACg8ocJem1Pf2msQjQnjJwLqQTMBqkIQx_R3RqlLt_zSIttFqxtxjA=s32-rw-mo,2026-06-21,1,ㅇㄴ;; 유명한 곡들 없는 경우가 너무 많아요 제발 일 좀 하세요;; 의견 1인가 2개월 전 한 번 보냈고 오늘도 보냈습니다 제발 변화 좀;;,1,True,(주)케이티지니뮤직,2026-06-26,안녕하세요. 지니뮤직입니다. 먼저 이용에 불편을 드린 점 죄송합니다. 남겨주신 의견은 담당 부서로 전달하여 개선될 수 있도록 노력하겠습니다. 감사합니다.
com.ktmusic.geniemusic,지니뮤직 - genie,73,남궁준석,https://play-lh.googleusercontent.com/a/ACg8ocK2lFzcynogPUxDZUHgRFuSNDeOHhYbjlcZJEnEtXLpKnadCg=s32-rw-mo,2026-06-21,1,"서비스 안정성 관리좀 잘 해주시죠,,요즘들어 인터넷 연결 문제라면서 음악이 한 곡 들으면 끊기고 한 곡 들으면 끊기고 재생 버튼을 눌러도 로딩만 끝도 없이 돌아갑니다. 다른 앱들은 아무 문제 없이 잘 돌아가고 잘 재생되는데 지니뮤직만 연결문제라 뜨네요? 무슨 되도 않는 이벤트하면서 경품 뿌릴 돈이 있으면 서비스 안정성 문제부터 해결하는게 먼저 아닐까요? 이런 기본적인 문제는 해결할 생각도 없고 서비스 질 올릴 생각도 없으면서 스포티파이니 유튜브뮤직이니 외국 자본이 들어와서 토종 서비스 죽인다 하지 마시죠?",15,True,(주)케이티지니뮤직,2026-06-26,"안녕하세요, 지니 뮤직입니다. 먼저 서비스 이용에 불편을 드려 죄송합니다. 문의하신 증상은 일시적인 내부 네트워크 지연 문제로 파악되어 즉시 복구 처리를 진행하였습니다. 동일한 증상이 발생하지 않도록 서비스 안전 위해 노력하겠습니다. 감사합니다."
com.ktmusic.geniemusic,지니뮤직 - genie,74,only one Choi,https://play-lh.googleusercontent.com/a-/ALV-UjVTnbDvbSvbWIFLoe-c1KjRbCFTuAoMm95uGvSLcIWOTvUig449=s32-rw,2026-06-19,3,"노래 추천 리스트가 살짝 구려요, 비슷한 음악 찾기도 별로구요 듣다보면 이게 비슷하다고? 생각들어요...",1,True,(주)케이티지니뮤직,2026-06-19,안녕하세요. 지니뮤직입니다. 먼저 이용에 불편을 드린 점 죄송합니다. 남겨주신 의견은 담당 부서로 전달하여 개선될 수 있도록 노력하겠습니다. 감사합니다.
com.ktmusic.geniemusic,지니뮤직 - genie,75,진욱진,https://play-lh.googleusercontent.com/a/ACg8ocJwMu9s5DWjnL05BEzBO3L1L42fgTc_6NHqUYbbWsnFoks2kg=s32-rw-mo,2026-06-18,4,재생목록 랜덤 로직이 이상해요. 랜덤을 하면 전체 곡이 무작위로 섞이고 그곡들이 한번씩재생되야되는데 그냥 그때그때랜덤인지 들었던곡이 다시 나와요 기본인데 고쳐줘요,1,True,(주)케이티지니뮤직,2026-06-19,안녕하세요. 지니뮤직입니다. 먼저 이용에 불편을 드린 점 죄송합니다. 남겨주신 의견은 담당 부서로 전달하여 개선될 수 있도록 노력하겠습니다. 감사합니다.
com.ktmusic.geniemusic,지니뮤직 - genie,76,뭘보노,https://play-lh.googleusercontent.com/a-/ALV-UjUcnKPH0dg8CF5RI8TO9NjObG0gyILiwi5Ah6LvAPD6Iq8P83jh=s32-rw,2026-06-18,1,진짜 몇년 썻는데 뭐만하면 저작권으로 재생안되고 걍 딴데갈랍니다 없는 음원도 너무많네여,1,True,(주)케이티지니뮤직,2026-06-19,안녕하세요. 지니뮤직입니다. 먼저 이용에 불편을 드린 점 죄송합니다. 남겨주신 의견은 담당 부서로 전달하여 개선될 수 있도록 노력하겠습니다. 감사합니다.
com.ktmusic.geniemusic,지니뮤직 - genie,77,Kim쫑쫑,https://play-lh.googleusercontent.com/a/ACg8ocIfXvTnI8Ee2SIt30wmRAp2zfTdICOKBwBF5hGn3fxini1Dbw=s32-rw-mo,2026-06-17,1,계속끊김.... 진짜 GPT 가 음질설정바꾸고 백그라운드 설정을 해도 끊김발생 데이터 다른앱은 잘만터지는데 끊김 계속 끊김 운전중에 끊어지니 개답답 운동중에 끊어지니 개답답 그래서 지니인거니 그럼 인정 답답지니 통신사 결합해서 싸게 좀 들을려다 다시 넘어감 너무 끊겨서 개답답함,4,True,(주)케이티지니뮤직,2026-06-19,"안녕하세요. 지니뮤직입니다. 먼저 이용 중 불편을 드려 죄송합니다. 다만, 남겨주신 리뷰만으로는 증상 파악이 어려워 정확한 답변을 드리기 어렵습니다. 번거로우시겠지만 지니뮤직 고객센터 [1:1문의] 게시판을 통해 상세 문의 내용을 기재하여 재문의 주시면 확인 후 알맞은 조치를 안내해 드리도록 하겠습니다. ※ 전체메뉴 > [고객센터] > [문의하기] > [1:1문의] 감사합니다."
com.ktmusic.geniemusic,지니뮤직 - genie,78,좋은하루,https://play-lh.googleusercontent.com/a-/ALV-UjWnCZNmL_hc4flcQlBhtnmYBur-uSLUNqafl4fD1Cv4BnJCI3wTWA=s32-rw,2026-06-16,1,"KT요금제 바꿔서 바이브에서 지니뮤직으로 넘어왔는데 후회 막심입니다. 음질도 별로고 UI도 무슨 윈도우98 같은 느낌이네요. 플레이리스트에서 곡하나 뺄려면 도대체 편집 버튼을 몇번을 눌러야 하는지. 그냥 '플레이리스트에서 삭제'라는 버튼 하나 만들면 끝날 것을, 총체적 난국입니다. 지니뮤직 관리는 하고 있는 건지? 부서에 전달하겠다고 답변 다는데 정말 부서에 전달 되고 있는지? 전달할 부서가 있는지???? 많은 이용자들이 피드백 달아주고 있는데 전혀 반응이 없는 걸 보니 지니뮤직 앱은 그냥 그냥 KT 요금제 낚으려고 만든 앱인듯. 누가 이걸 돈 내고 사용할까. 공짜라도 쓰기 싫은데.",10,True,(주)케이티지니뮤직,2026-06-19,안녕하세요. 지니뮤직입니다. 먼저 이용에 불편을 드린 점 죄송합니다. 남겨주신 의견은 담당 부서로 전달하여 개선될 수 있도록 노력하겠습니다. 감사합니다.
com.ktmusic.geniemusic,지니뮤직 - genie,79,정량,https://play-lh.googleusercontent.com/a-/ALV-UjXjG0xFnFti7sQTKAxPc4rG8LCOFaHDmkBEtl0Xo9MzrNtfEnoM=s32-rw,2026-06-16,1,차단하기 아티스트제외하기 이런기능좀만들어주세요 노래도 다 이상하게추천되고 ai 기술력이너무떨어지네요 벡터데이터좀 제대로넣어두세요;; edm에 에스파는 왜있는건데요 도대체 전체적으로 싹다 마이너한거 사랑고백노래뿐이고 아이돌밖에없노,1,True,(주)케이티지니뮤직,2026-06-19,"안녕하세요. 지니뮤직입니다. 지니뮤직 앱에선 [제외 아티스트 설정] 기능을 제공하고 있습니다. [전체메뉴] > [설정] > 재생 관련 설정 - [제외 아티스트 설정] > 아티스트 검색 및 추가 *제외 아티스트의 곡이 차트 내 진입한 경우 해당 아티스트의 곡이 차트에서 노출되지 않습니다. (적용 차트 : TP200 > 실시간, 일간 차트) *제외 아티스트 곡은 재생목록에 추가되지 않습니다. 감사합니다."
com.ktmusic.geniemusic,지니뮤직 - genie,80,이셈사,https://play-lh.googleusercontent.com/a-/ALV-UjU5WkxJ5Hq4TiHiT9OQy5rPj_jp_bG7pr7h4Ievc3Nls6Jou7g=s32-rw,2026-06-14,1,앱 켜거나 로그인 누를 때 전화번호로 가입 좀 안뜨게 해주세요 뒤로 가기 눌러도 계속 뜨고 여러번 시도해야 겨우 로그인 아이디 입력창이 나오는데 내가 써도 이렇게 불편한데 어머니 가르쳐 드리다가 화병날 뻔 했어요,1,True,(주)케이티지니뮤직,2026-06-19,"안녕하세요. 지니뮤직입니다. 먼저 이용 중 불편을 드려 죄송합니다. 다만, 남겨주신 리뷰만으로는 증상 파악이 어려워 정확한 답변을 드리기 어렵습니다. 번거로우시겠지만 지니뮤직 고객센터 [1:1문의] 게시판을 통해 상세 문의 내용을 기재하여 재문의 주시면 확인 후 알맞은 조치를 안내해 드리도록 하겠습니다. ※ 전체메뉴 > [고객센터] > [문의하기] > [1:1문의] 감사합니다."
com.ktmusic.geniemusic,지니뮤직 - genie,81,김유민,https://play-lh.googleusercontent.com/a-/ALV-UjWobqJ-5oxVYdpVJUAjZ0Eu9I7gnfvI3fP0F1KtRRvlscWND-tg=s32-rw,2026-06-14,1,저만 그런건지는 모르겠는데 노래가 너무 끊깁니다;; 잘 듣고 있다가도 갑자기 혼자 끊기거나 처음으로 돌아가질 않나 매번 이러니까 짜증이 나네요...,2,True,(주)케이티지니뮤직,2026-06-19,"안녕하세요. 지니뮤직입니다. 먼저 이용 중 불편을 드려 죄송합니다. 다만, 남겨주신 리뷰만으로는 증상 파악이 어려워 정확한 답변을 드리기 어렵습니다. 번거로우시겠지만 지니뮤직 고객센터 [1:1문의] 게시판을 통해 상세 문의 내용을 기재하여 재문의 주시면 확인 후 알맞은 조치를 안내해 드리도록 하겠습니다. ※ 전체메뉴 > [고객센터] > [문의하기] > [1:1문의] 감사합니다."
com.ktmusic.geniemusic,지니뮤직 - genie,82,김태풍,https://play-lh.googleusercontent.com/a/ACg8ocJy-avOk4uXzUepj2OruaD1Sni8MBzE-lKwQRoLBODDaT6cXg=s32-rw-mo,2026-06-10,1,"너무 불편합니다. 예를 들어 5개 노래 듣고 싶어서 좋아요 폴더 내, 노래들 중에 듣고 싶은 곡들만 선택 클릭 한 후 재생 눌러도 그 노래들만 나오지 않고 예전에 들었던 재생목록으로 자동 재생되고. 또 중복도 자동 제거 안돼서 똑같은 노래만 3-4번 반복될 때 있고 이건 반성하셔야 합니다.",13,True,(주)케이티지니뮤직,2026-06-19,안녕하세요. 지니뮤직입니다. 먼저 이용에 불편을 드린 점 죄송합니다. 남겨주신 의견은 담당 부서로 전달하여 개선될 수 있도록 노력하겠습니다. 감사합니다.
com.ktmusic.geniemusic,지니뮤직 - genie,83,남이동혁,https://play-lh.googleusercontent.com/a-/ALV-UjWktNx9A7AZvLE9msmGqHSOi_-xsQSL3YN6hDY43t99zh407O8=s32-rw,2026-06-09,3,재밌는데요금내려주세요컬러링같이하지말고다운하면컬러링같이연결하지마세요부가서비스만,0,True,(주)케이티지니뮤직,2026-06-19,안녕하세요. 지니뮤직입니다. 소중한 시간을 내어 의견을 남겨주셔서 진심으로 감사드립니다. 앞으로도 더 만족스러운 이용 경험을 드릴 수 있도록 노력하겠습니다. 감사합니다
com.ktmusic.geniemusic,지니뮤직 - genie,84,Seager Kim,https://play-lh.googleusercontent.com/a/ACg8ocKaSnHSwJOCr5atUATqXSkrebydNbDE96b2XV0Rgt1jgMGp8A=s32-rw-mo,2026-06-08,3,"FLAC 요금제 이용 중인데 현재 재생 중인 음원이 FLAC으로 재생되고 있는 건지, 아니면 FLAC을 지원치 않는 음원이라 하위 음원으로 재생 중인 건지 직관적으로 알 수 있어야하지 않을까요?",0,True,(주)케이티지니뮤직,2026-06-09,안녕하세요. 지니뮤직입니다. 먼저 이용에 불편을 드린 점 죄송합니다. 남겨주신 의견은 담당 부서로 전달하여 개선될 수 있도록 노력하겠습니다. 감사합니다.
com.ktmusic.geniemusic,지니뮤직 - genie,85,건,https://play-lh.googleusercontent.com/a-/ALV-UjUCQbidr3TGOeX6yjO5bZ46NI-QlVoMb_yFOOb-_FUFrB0jTyE=s32-rw,2026-06-08,2,어제까지만 있던 곡이 사라지고 없어지네요 또 없는 노래가 너무 많아요,0,True,(주)케이티지니뮤직,2026-06-09,안녕하세요. 지니뮤직입니다. 먼저 이용에 불편을 드린 점 죄송합니다. 남겨주신 의견은 담당 부서로 전달하여 개선될 수 있도록 노력하겠습니다. 감사합니다.
com.ktmusic.geniemusic,지니뮤직 - genie,86,line,https://play-lh.googleusercontent.com/a-/ALV-UjVjivLCdQsH0xeBUvoBdcskv1cUJW5JgLC_AkZNWKbToeMO2ew=s32-rw,2026-06-04,1,"차에서 틀 때마다 곡이 바뀌어 있길래 이상해서 봤더니, 블루투스만 연결되면 자동으로 재생되게 되어있네요ㅡ 원래 안 이러다가 곡당 비용 지불 요금제를 이용하고부터 갑자기 이런데, 되게 불쾌합니다.",0,True,(주)케이티지니뮤직,2026-06-09,안녕하세요. 지니뮤직입니다. 먼저 이용 중 불편을 드려 죄송합니다. 번거로우시겠지만 지니뮤직 고객센터 [1:1문의] 게시판을 통해 상세 문의 내용을 기재하여 재문의 주시면 확인 후 알맞은 조치를 안내해 드리도록 하겠습니다. ※ 전체메뉴 > [고객센터] > [문의하기] > [1:1문의] 감사합니다.
com.ktmusic.geniemusic,지니뮤직 - genie,87,minsoo lee,https://play-lh.googleusercontent.com/a/ACg8ocLeTgtH6MdeK9B6tD1Z1tlJem5PWR44lbkEn7X_OJZXSjer2g=s32-rw-mo,2026-06-03,1,워치7에서 지니노래 플레이 누르고 뒤로가려고하면 좌에서 우로 스와이프가 안되고 아래에서 위로 해야 뒤로감. ㅋㅋ,0,True,(주)케이티지니뮤직,2026-06-09,안녕하세요. 지니뮤직입니다. 먼저 이용에 불편을 드린 점 죄송합니다. 남겨주신 의견은 담당 부서로 전달하여 개선될 수 있도록 노력하겠습니다. 감사합니다.
com.ktmusic.geniemusic,지니뮤직 - genie,88,칼라스,https://play-lh.googleusercontent.com/a-/ALV-UjVWgq3FOns9gEUwwJXyEPqhWy-rN9DFxU9f-guNjtlPNqoVwvJH=s32-rw,2026-06-03,1,볼륨 조절 기능 왜 없앰,0,True,(주)케이티지니뮤직,2026-06-09,"안녕하세요. 지니뮤직입니다. 먼저 이용 중 불편을 드려 죄송합니다. 다만, 남겨주신 리뷰만으로는 증상 파악이 어려워 정확한 답변을 드리기 어렵습니다. 번거로우시겠지만 지니뮤직 고객센터 [1:1문의] 게시판을 통해 상세 문의 내용을 기재하여 재문의 주시면 확인 후 알맞은 조치를 안내해 드리도록 하겠습니다. ※ 전체메뉴 > [고객센터] > [문의하기] > [1:1문의] 감사합니다."
com.ktmusic.geniemusic,지니뮤직 - genie,89,이한결,https://play-lh.googleusercontent.com/a/ACg8ocLXzBQW8dYigN0V9otWf9jqaedCp4DofI0H5BerjIphbUwfoQ=s32-rw-mo,2026-06-02,1,안들어가짐.,0,True,(주)케이티지니뮤직,2026-06-09,"안녕하세요. 지니뮤직입니다. 먼저 이용 중 불편을 드려 죄송합니다. 다만, 남겨주신 리뷰만으로는 증상 파악이 어려워 정확한 답변을 드리기 어렵습니다. 번거로우시겠지만 지니뮤직 고객센터 [1:1문의] 게시판을 통해 상세 문의 내용을 기재하여 재문의 주시면 확인 후 알맞은 조치를 안내해 드리도록 하겠습니다. ※ 전체메뉴 > [고객센터] > [문의하기] > [1:1문의] 감사합니다."
com.ktmusic.geniemusic,지니뮤직 - genie,90,김종훈,https://play-lh.googleusercontent.com/a-/ALV-UjXHquCPff16MhunmJVUQXuNLM0BbHUZA8BFD1kGYfSPaG6RqzFC=s32-rw,2026-06-02,1,일단 1점도 아깝다는 점 먼저 알려드리고 시작합니다. 통신사 무료앱이지만 걍 삭제합니다. 가장 큰 문제가 차트가 안바뀜. 안바뀐다기보다 특정 성향으로 편중되는 느낌이 드는데 보통 잔잔한 노래가 오래가고 빨리 올라오는 것 같음. 알고리즘에 문제가 있거나 조작이 있다면 쓰레기 앱인거고 아니라면 틀딱앱이라는거. 두번째는 이러한 피드백에 달리는 답변이 아래와 같다는 점. 세번째는,11,True,(주)케이티지니뮤직,2026-06-02,안녕하세요. 지니뮤직입니다. 소중한 시간을 내어 의견을 남겨주셔서 진심으로 감사드립니다. 앞으로도 더 만족스러운 이용 경험을 드릴 수 있도록 노력하겠습니다. 감사합니다.
com.ktmusic.geniemusic,지니뮤직 - genie,91,황흥숙,https://play-lh.googleusercontent.com/a/ACg8ocJ879M5Lc7IJx7wjDSnACiQxWmXshjc1E3h7w0KZtQk3_3uzQ=s32-rw-mo,2026-05-30,5,so good,0,True,(주)케이티지니뮤직,2026-06-02,안녕하세요. 지니뮤직입니다. 소중한 시간을 내어 의견을 남겨주셔서 진심으로 감사드립니다. 앞으로도 더 만족스러운 이용 경험을 드릴 수 있도록 노력하겠습니다. 감사합니다.
com.ktmusic.geniemusic,지니뮤직 - genie,92,후니후니,https://play-lh.googleusercontent.com/a/ACg8ocLSa_39VqBXiXVgh53k6RKirzUx8dw0WoHrKXnLDn9vsLtHpg=s32-rw-mo,2026-05-29,3,예전엔 플레이어에서 음악재생시 음질 확인이 됐었는데 없어졌네요. 다시 살려주실수 없나요.,0,True,(주)케이티지니뮤직,2026-06-02,안녕하세요. 지니뮤직입니다. 먼저 이용에 불편을 드린 점 죄송합니다. 남겨주신 의견은 담당 부서로 전달하여 개선될 수 있도록 노력하겠습니다. 감사합니다.
com.ktmusic.geniemusic,지니뮤직 - genie,93,복숭아의 발자국,https://play-lh.googleusercontent.com/a-/ALV-UjVCGGzcVTjlfPPkMQvBX9_CftBewF-A9gHi_RX50gQO3YkUqaZm=s32-rw,2026-05-28,5,"제가 23,24년도 즈음 꽁짜로 계속 멤버십? 처럼 썼었는데 바뀌었네요",0,True,(주)케이티지니뮤직,2026-06-02,안녕하세요. 지니뮤직입니다. 남겨주신 리뷰만으로는 증상 파악이 어려워 정확한 답변을 드리기 어렵습니다. 번거로우시겠지만 지니뮤직 고객센터 [1:1문의] 게시판을 통해 상세 문의 내용을 기재하여 재문의 주시면 확인 후 알맞은 조치를 안내해 드리도록 하겠습니다. ※ 전체메뉴 > [고객센터] > [문의하기] > [1:1문의] 감사합니다.
com.ktmusic.geniemusic,지니뮤직 - genie,94,김대정,https://play-lh.googleusercontent.com/a-/ALV-UjXx20avV-O6YGi10gUTGZANEM8dorCz9tKLCVoOXg_0mlHEDo3ckQ=s32-rw,2026-05-26,3,"음원 무손실 여부 표기는 기본 아닌가요? 제공되는 음원 무손실 여부 표기도 안되면, 초고음질 요금제 구독 의미가 있나요? 블라인드 테스트 인가요? 플레이어 up 에도 음원 무손실 여부, 돌비애트모스 실행 중인 표기 꼭 좀 바로 업데이트 부탁드립니다.",26,True,(주)케이티지니뮤직,2026-06-02,안녕하세요. 지니뮤직입니다. 먼저 이용에 불편을 드린 점 죄송합니다. 남겨주신 의견은 담당 부서로 전달하여 개선될 수 있도록 노력하겠습니다. 감사합니다.
com.ktmusic.geniemusic,지니뮤직 - genie,95,Jake.Jaeuk Cha,https://play-lh.googleusercontent.com/a/ACg8ocIuVPvGd1dM4ZoQ562vKFosNypu_X-071cT8il9TL7db5gHjg=s32-rw-mo,2026-05-25,4,버그. 포인트로 MP3다운로드 10곡 이용권을 사면 사용기간이 1개월이 아니라 1개월+1일 입니다. 예. 04.26~05.26 <-- 05.25로 되어야합니다,0,True,(주)케이티지니뮤직,2026-06-02,안녕하세요. 지니뮤직입니다. 번거로우시겠지만 지니뮤직 고객센터 [1:1문의] 게시판을 통해 상세 문의 내용을 기재하여 재문의 주시면 확인 후 알맞은 조치를 안내해 드리도록 하겠습니다. ※ 전체메뉴 > [고객센터] > [문의하기] > [1:1문의] 감사합니다.
com.ktmusic.geniemusic,지니뮤직 - genie,96,정은채 (야호),https://play-lh.googleusercontent.com/a-/ALV-UjWjK54kqHB_hnV3NRlP_NtG8pguuNETH42o7PyAuZC0gpRYdXg=s32-rw,2026-05-24,5,"다 좋은데, 최근에 나온것도 있고 예전에 나온 노래도 있는데 그 사이에 있는 노래는 왜 없는 걸까 하필 내가 찾는 노래만 내가 번역기 까지 써기면서 썼는데 왜 없는 걸까",0,True,(주)케이티지니뮤직,2026-05-26,안녕하세요. 지니뮤직입니다. 먼저 이용에 불편을 드린 점 죄송합니다. 남겨주신 의견은 담당 부서로 전달하여 개선될 수 있도록 노력하겠습니다. 감사합니다.
com.ktmusic.geniemusic,지니뮤직 - genie,97,정상범,https://play-lh.googleusercontent.com/a/ACg8ocK16JL9zWVKdnJ8Qcm-bys3HId_wAI5_XwhiuZ1_jssrI63NQ=s32-rw-mo,2026-05-24,5,아주 너무 좋고 여행 같데 너무 블루투스로도 잘 나오고 곡이 오류가 났을떼는 mp3도 잘 되서 너무 지니가 편해요😄😄😄그리고 AI DJ도 좋아요❤️,1,True,(주)케이티지니뮤직,2026-05-26,안녕하세요. 지니뮤직입니다. 소중한 시간을 내어 의견을 남겨주셔서 진심으로 감사드립니다. 앞으로도 더 만족스러운 이용 경험을 드릴 수 있도록 노력하겠습니다. 감사합니다.
com.ktmusic.geniemusic,지니뮤직 - genie,98,최은주,https://play-lh.googleusercontent.com/a/ACg8ocJEtDSCtnxfYnYLOCMfC_JbFeXn_f3d2B6C8NHCV_c4R4hNIA=s32-rw-mo,2026-05-21,1,결제가 두번씩되고있었는데 어디다신고해야되나요,1,True,(주)케이티지니뮤직,2026-05-26,안녕하세요. 지니뮤직입니다. 먼저 이용 중 불편을 드려 죄송합니다. 번거로우시겠지만 지니뮤직 고객센터 [1:1문의] 게시판을 통해 상세 문의 내용을 기재하여 재문의 주시면 확인 후 알맞은 조치를 안내해 드리도록 하겠습니다. ※ 전체메뉴 > [고객센터] > [문의하기] > [1:1문의] 감사합니다.
com.ktmusic.geniemusic,지니뮤직 - genie,99,피아뇽,https://play-lh.googleusercontent.com/a/ACg8ocI7xIrIaVersaE4FIrs9m3CFUf97t1CfZxSI59VkFqsX7_oNw=s32-rw-mo,2026-05-20,2,for you 기능 나름 유용하다고 생각해서 그것때문에 지니 유지하고 있었는데....이 기능이 서비스 종료되면 더이상 지니를 이용할 가치가 사라졌네요....아쉽네요,0,True,(주)케이티지니뮤직,2026-05-26,안녕하세요. 지니뮤직입니다. 먼저 이용에 불편을 드린 점 죄송합니다. 남겨주신 의견은 담당 부서로 전달하여 개선될 수 있도록 노력하겠습니다. 감사합니다.
com.ktmusic.geniemusic,지니뮤직 - genie,100,하승진,https://play-lh.googleusercontent.com/a-/ALV-UjUKoIJc2spV3NZk7cznAiHjUV1hGFiR4Jg7cL-J483HoXaLbb8=s32-rw,2026-05-18,1,사용하기 너무 불편함 차라리 돈 더 주고 멜론이나 다른 스트리밍 어플 쓰겠음,0,True,(주)케이티지니뮤직,2026-05-19,안녕하세요. 지니뮤직입니다. 먼저 이용에 만족스러움을 드리지 못한 점 죄송합니다. 이용 중 불편하신 점 또는 개선해야할 점을 남겨주시면 담당 부서로 전달하여 개선될 수 있도록 노력하겠습니다. 감사합니다.
com.ktmusic.geniemusic,지니뮤직 - genie,101,단비,https://play-lh.googleusercontent.com/a-/ALV-UjUUjMXgIJ3RaO-vnhYpA9MbvwSDmp1zhycEWWc0VeSEwsLMhlo=s32-rw,2026-05-17,3,자꾸 '응답없음' 이 나오고 음악재생이 되다가 멈추고 안되요. 어떻게 해야하나요?,0,True,(주)케이티지니뮤직,2026-05-19,"안녕하세요. 지니뮤직입니다. 먼저 이용 중 불편을 드려 죄송합니다. 다만, 남겨주신 리뷰만으로는 증상 파악이 어려워 정확한 답변을 드리기 어렵습니다. 번거로우시겠지만 지니뮤직 고객센터 [1:1문의] 게시판을 통해 상세 문의 내용을 기재하여 재문의 주시면 확인 후 알맞은 조치를 안내해 드리도록 하겠습니다. ※ 전체메뉴 > [고객센터] > [문의하기] > [1:1문의] 감사합니다."
com.ktmusic.geniemusic,지니뮤직 - genie,102,우으,https://play-lh.googleusercontent.com/a/ACg8ocKHEPCNM_PEZhqbULqd3fCAUKdtaPdtfSBjOea9n7AC9IEE-A=s32-rw-mo,2026-05-14,1,아이유 아티스트 제외시켰는데 추천 트랙에 커버나 아이유 수록곡도 제외시켜주세요. 진짜 표절도둑 안 보고 싶으니까.,41,True,(주)케이티지니뮤직,2026-05-15,안녕하세요. 지니뮤직입니다. 먼저 이용에 불편을 드린 점 죄송합니다. 남겨주신 의견은 담당 부서로 전달하여 개선될 수 있도록 노력하겠습니다. 감사합니다.
com.ktmusic.geniemusic,지니뮤직 - genie,103,남신현호,https://play-lh.googleusercontent.com/a-/ALV-UjUBfkOwQgrtMI68vcejkTVbJdASX7_besxx5N-wdx5iHzgQRfbKFQ=s32-rw,2026-05-13,5,아주좋아요,0,True,(주)케이티지니뮤직,2026-05-15,안녕하세요. 지니뮤직입니다. 소중한 시간을 내어 의견을 남겨주셔서 진심으로 감사드립니다. 앞으로도 더 만족스러운 이용 경험을 드릴 수 있도록 노력하겠습니다. 감사합니다.
com.ktmusic.geniemusic,지니뮤직 - genie,104,멈무이,https://play-lh.googleusercontent.com/a-/ALV-UjXLtw98fuhBX85mbyAQfgCqJZCkRgDRcFuxcejG6PoaQEs7i_js=s32-rw,2026-05-09,1,"시크릿 이용권 5700원 결제라면서 회원 등록하게 하고, 회원 등록 했더니 사라졌다 다시 보이길래 눌렀는데 원스토어에서 결제하라고 하고, 이제 원스토어까지 동의하고 결제하려는 8천원? 차라리 돈 더 주고 타 앱 사용하겠습니다. 앞으로 쭉 사용 안 합니다.",1,True,(주)케이티지니뮤직,2026-05-15,안녕하세요. 지니뮤직입니다. 먼저 이용에 불편을 드린 점 죄송합니다. 남겨주신 의견은 담당 부서로 전달하여 개선될 수 있도록 노력하겠습니다. 감사합니다.
com.ktmusic.geniemusic,지니뮤직 - genie,105,파섹,https://play-lh.googleusercontent.com/a-/ALV-UjWo3YVUJUf97u6WXRCEJ8Az7fRNpX3F95O12F678RGg0-mjQ2Q=s32-rw,2026-05-09,3,재생목록 다루기가 너무 불편한데 제가 뭔가 잘못하고 있는 걸까요...? 노래 검색해서 따로 생성한 플레이리스트에 추가하고 싶은데 기본 재생목록에만 들어가요ㅠㅠ 그리고 없는 노래가 너무 많네요...,8,True,(주)케이티지니뮤직,2026-05-15,안녕하세요. 지니뮤직입니다. 검색 곡에 대해 '내 플레이리스트'에 수록하는 방법 안내드립니다. * 곡 검색 > 곡 선택 > 하단 '담기' 위 경로를 통해 별도로 생성한 '내 플레이리스트'에 저장 가능합니다. 끝으로 남겨주신 의견은 담당 부서로 전달하여 개선될 수 있도록 노력하겠습니다. 감사합니다.
com.ktmusic.geniemusic,지니뮤직 - genie,106,나재형,https://play-lh.googleusercontent.com/a/ACg8ocLdNe51_7B36reWKR9Fp1yZeqPz-GwCOxV-pgcdgc24_JZXLg=s32-rw-mo,2026-05-07,3,마야 정규 2집 수록곡에 '아껴둔 사랑'이라는 곡이 빠졌어요. 원래 12곡이였거든요. 10번 트랙이 아껴둔 사랑 11번 트랙이 보물섬 12번 트랙이 아래로 Dance Remix 에요.,0,True,(주)케이티지니뮤직,2026-04-06,안녕하세요. 지니뮤직입니다. 먼저 이용 중 불편을 드려 죄송합니다. 번거로우시겠지만 지니뮤직 고객센터 [1:1문의] 게시판을 통해 상세 문의 내용을 기재하여 재문의 주시면 확인 후 알맞은 조치를 안내해 드리도록 하겠습니다. ※ 전체메뉴 > [고객센터] > [문의하기] > [1:1문의] 감사합니다.
com.ktmusic.geniemusic,지니뮤직 - genie,107,라온,https://play-lh.googleusercontent.com/a-/ALV-UjXk29LbCCSPFyKkZVerZPp0JY-8X6OsCDFVOO9EU6l-S5zUKR6A=s32-rw,2026-05-03,2,"아니 , 근처 기기 기능 어떻게 끄는지 모르겠어요 설정에도 없네요 불편합니다",0,True,(주)케이티지니뮤직,2026-05-15,"안녕하세요. 지니뮤직입니다. 먼저 이용 중 불편을 드려 죄송합니다. 다만, 남겨주신 리뷰만으로는 증상 파악이 어려워 정확한 답변을 드리기 어렵습니다. 번거로우시겠지만 지니뮤직 고객센터 [1:1문의] 게시판을 통해 상세 문의 내용을 기재하여 재문의 주시면 확인 후 알맞은 조치를 안내해 드리도록 하겠습니다. ※ 전체메뉴 > [고객센터] > [문의하기] > [1:1문의] 감사합니다."
com.ktmusic.geniemusic,지니뮤직 - genie,108,최태헌,https://play-lh.googleusercontent.com/a/ACg8ocKi8lf11IClmsPDNhqVcjI95G1A6Q7VEV09KJk230Rm5w9aFA=s32-rw-mo,2026-05-03,4,다 좋은데 유명한 곡인데도 불구하고 가사가 표시가 않되는 곡이 많네요 조금 더 많은 곡을 표시해 주시면 감사하겠습니다!,0,True,(주)케이티지니뮤직,2026-05-12,안녕하세요. 지니뮤직입니다. 먼저 이용에 불편을 드린 점 죄송합니다. 남겨주신 의견은 담당 부서로 전달하여 개선될 수 있도록 노력하겠습니다. 감사합니다.
com.ktmusic.geniemusic,지니뮤직 - genie,109,전진영,https://play-lh.googleusercontent.com/a/ACg8ocLHGQPiX-O0Ndb5c39amwWaSXCYpo-pzXtDcjFd4jqvaeKDLA=s32-rw-mo,2026-05-02,1,펑크 곡은 대부분이 없어요 제발 추가 좀 해주세요 뭐 펑크를 추가한다 해도 별로 유명하지 않은 펑크나 깔리고 정작 유명한 펑크는 대부분이 없고 이게 맞나요?,1,True,(주)케이티지니뮤직,2026-05-12,안녕하세요. 지니뮤직입니다. 먼저 이용에 불편을 드린 점 죄송합니다. 남겨주신 의견은 담당 부서로 전달하여 개선될 수 있도록 노력하겠습니다. 감사합니다.
com.ktmusic.geniemusic,지니뮤직 - genie,110,홍진항,https://play-lh.googleusercontent.com/a/ACg8ocLM9HZ9HHzqpc84HCRjR6ewL7pGlws4m3MHGgJaGpioxWp5kA=s32-rw-mo,2026-04-29,1,이거 로그인이 안됌;;;,0,True,(주)케이티지니뮤직,2026-04-30,"안녕하세요. 지니뮤직입니다. 먼저 이용 중 불편을 드려 죄송합니다. 다만, 남겨주신 리뷰만으로는 증상 파악이 어려워 정확한 답변을 드리기 어렵습니다. 번거로우시겠지만 지니뮤직 고객센터 [1:1문의] 게시판을 통해 상세 문의 내용을 기재하여 재문의 주시면 확인 후 알맞은 조치를 안내해 드리도록 하겠습니다. ※ 전체메뉴 > [고객센터] > [문의하기] > [1:1문의] 감사합니다."
com.ktmusic.geniemusic,지니뮤직 - genie,111,박성오,https://play-lh.googleusercontent.com/a-/ALV-UjWZmH6XEaPmij67W5pNziXFxnpdQZ_B5Et3Sq9KIchj7wnMwoxs2A=s32-rw,2026-04-29,3,"폰을 껏다키면 왜 이렇게 위젯이 무한로딩 되죠 그리고 [애인있어요 MR] 히트송 모음MR,2010히트곡,노래방 애창가요 장르가 멜론에선 들을수 있던대 지니뮤직에서는 왜 들을수 업죠 마창가지로 점점 멜론보다 지니뮤직에서 곡을 들을게 줄어 듬니다 좀 게선해주세요",0,True,(주)케이티지니뮤직,2021-01-12,"안녕하세요, 박성오님 지니뮤직입니다. 먼저 이용의 불편을 드린 점 죄송합니다 ㅠㅠ 말씀하여 주신 내용은 개선 될 수 있도록 노력 하겠습니다. 끝으로 항상 고객님들의 의견에 귀 기울여 점진적으로 개선된 서비스를 제공해 드릴 수 있도록 최선을 다하는 지니뮤직이 되겠습니다! 감사합니다! ㅠㅠ"
com.ktmusic.geniemusic,지니뮤직 - genie,112,fushi Ren,https://play-lh.googleusercontent.com/a/ACg8ocKNdzlOtU3JHICeJTCgGdX4hVZQOOc5FOswpaSJyOawbBcc8A=s32-rw-mo,2026-04-28,1,funk 오늘 플레이 리스트에서 3개 사라짐 ㅠ,0,True,(주)케이티지니뮤직,2026-04-29,"안녕하세요. 지니뮤직입니다. 먼저 이용 중 불편을 드려 죄송합니다. 다만, 남겨주신 리뷰만으로는 증상 파악이 어려워 정확한 답변을 드리기 어렵습니다. 번거로우시겠지만 지니뮤직 고객센터 [1:1문의] 게시판을 통해 상세 문의 내용을 기재하여 재문의 주시면 확인 후 알맞은 조치를 안내해 드리도록 하겠습니다. ※ 전체메뉴 > [고객센터] > [문의하기] > [1:1문의] 감사합니다."
com.ktmusic.geniemusic,지니뮤직 - genie,113,신은지,https://play-lh.googleusercontent.com/a/ACg8ocKeucYy9k7dH0p9mqSAdV85AG0UJfEJELUyvAI2RfKN25d85g=s32-rw-mo,2026-04-25,1,비추합니다,1,True,(주)케이티지니뮤직,2026-04-29,"안녕하세요, 지니뮤직입니다. 소중한 의견 남겨주셔서 감사합니다. 이용 중 불편하셨던 점이 있으셨다면 보다 정확한 확인과 도움을 드리고자 하오니 구체적인 내용을 고객센터로 전달해 주시면 신속히 확인하겠습니다. 앞으로 더 나은 서비스를 제공할 수 있도록 노력하겠습니다. 감사합니다."
com.ktmusic.geniemusic,지니뮤직 - genie,114,임동현,https://play-lh.googleusercontent.com/a-/ALV-UjXpjGL1LVobfgR_zYsP1fl7Sf-l2skbT8V058AbaMpXGM29SByO=s32-rw,2026-04-22,1,진심으로 없는 노래 왤케 많음? jpop이든 pop이든 10년 전 노래도 없고 최근 노래도 없으면 어쩌라는거임? 최소한 앨범이나 정식 등록된 노래들은 다 있어야하는 거 아니에요? 노래방에도 있는 노래도 없는게 맞아요? 통신사 때문에 무료라서 어쩔 수 없이 쓰는데 진짜 최악이네요 여태 쓴 앱들 중 당연코 최악입니다,9,True,(주)케이티지니뮤직,2026-04-29,안녕하세요. 지니뮤직입니다. 먼저 이용에 불편을 드린 점 죄송합니다. 남겨주신 의견은 담당 부서로 전달하여 개선될 수 있도록 노력하겠습니다. 감사합니다.
com.ktmusic.geniemusic,지니뮤직 - genie,115,이아무개,https://play-lh.googleusercontent.com/a/ACg8ocJfnM50URTfx2UbemNnmB96IAgnMUIrkZUqd0Js6uhLo_qYsOQ=s32-rw-mo,2026-04-19,1,좋아요에서 가수 검색 누르면 왜 1년 치만 나옴 ㅋㅋ ㅈ구림 진짜 재생목록 동기화도 진짜 현실성 없음 써보고 어플을 만든건지 궁금함 이러니 스포티파이 쓰지,0,True,(주)케이티지니뮤직,2026-04-20,안녕하세요. 지니뮤직입니다. 먼저 이용에 불편을 드린 점 죄송합니다. 남겨주신 의견은 담당 부서로 전달하여 개선될 수 있도록 노력하겠습니다. 감사합니다.
com.ktmusic.geniemusic,지니뮤직 - genie,116,장훈,https://play-lh.googleusercontent.com/a/ACg8ocKMdT0wf-4eawe9iUjXd19o6QLoZVK1dHtJjO3BKQ7ju548rQ=s32-rw-mo,2026-04-19,1,음질 표시 안됨. flac인지 320k인지 알수없음. 잡다한 기능만 늘리고 정작 기본기는 없음. 음원 스트리밍 회사중 제일 구림. KT라서 어쩔수없이 씀.,0,True,(주)케이티지니뮤직,2026-04-20,안녕하세요. 지니뮤직입니다. 먼저 이용에 불편을 드린 점 죄송합니다. 남겨주신 의견은 담당 부서로 전달하여 개선될 수 있도록 노력하겠습니다. 감사합니다.
com.ktmusic.geniemusic,지니뮤직 - genie,117,하이양,https://play-lh.googleusercontent.com/a/ACg8ocJdvirSgAHgSkQQOe8tuMg3AHQMeRIm2HONbS4z790iQYy3Mg=s32-rw-mo,2026-04-19,1,공짜라서 쓰지 진짜 개별로임. 인기곡순위부터가 구림.. 내가저장한 플리아니면 이런 노래 어디서 찾아오나싶을정도로 알고리즘 쉰내남. 이거도 삭제하겠지,0,True,(주)케이티지니뮤직,2026-04-20,안녕하세요. 지니뮤직입니다. 먼저 이용에 불편을 드린 점 죄송합니다. 남겨주신 의견은 담당 부서로 전달하여 개선될 수 있도록 노력하겠습니다. 감사합니다.
com.ktmusic.geniemusic,지니뮤직 - genie,118,Chaewon Kim,https://play-lh.googleusercontent.com/a-/ALV-UjUl4yvaWGkk_dxSA40a4pZXJnmPLyqfpm_LXnvpzo0zkMPuLzPd=s32-rw,2026-04-19,5,저는 계정만들어서 사람들이랑 소통하기도 합니다. 노래도 듣고 여러가지를 할수 있아요 팔로워수 느는 재미도있어여😁,0,True,(주)케이티지니뮤직,2026-04-20,안녕하세요. 지니뮤직입니다. 소중한 시간을 내어 의견을 남겨주셔서 진심으로 감사드립니다. 앞으로도 더 만족스러운 이용 경험을 드릴 수 있도록 노력하겠습니다. 감사합니다.
com.ktmusic.geniemusic,지니뮤직 - genie,119,예림,https://play-lh.googleusercontent.com/a/ACg8ocLxYke4xe90gVNQtF1168e2x5TqlM793lv1FYLhOZnMncFmWAc=s32-rw-mo,2026-04-14,3,"특정 부분 음원이 생략되거나 건너뛰어지고, 타 음원사이트와 다른 부분이 너무 많아서 들을 때마다 신경 쓰여요...",0,True,(주)케이티지니뮤직,2026-04-14,"안녕하세요. 지니뮤직입니다. 먼저 이용 중 불편을 드려 죄송합니다. 다만, 남겨주신 리뷰만으로는 증상 파악이 어려워 정확한 답변을 드리기 어렵습니다. 번거로우시겠지만 지니뮤직 고객센터 [1:1문의] 게시판을 통해 음원 정보를 기재하여 재문의 주시면 확인 후 알맞은 조치를 안내해 드리도록 하겠습니다. ※ 전체메뉴 > [고객센터] > [문의하기] > [1:1문의] 감사합니다."
com.ktmusic.geniemusic,지니뮤직 - genie,120,박진서,https://play-lh.googleusercontent.com/a/ACg8ocIKcgE1Heddpcj6WhlcXlxuep34sMgnRpvmppL9eSc2ojgkeQ=s32-rw-mo,2026-04-13,1,어플이 잘못 삭제 되어 다시 다운 받게 되었는데 그동안의 재생목록 전체가 사라지게 되었습니다...다시 되돌릴수 있는 방법이 없나요...하...,0,True,(주)케이티지니뮤직,2026-04-14,"안녕하세요. 지니뮤직 입니다. 재생목록은 앱의 임시 저장 데이터로 앱 삭제 후 재설치 시 초기화 되어 복구에 도움을 드리기 어렵습니다. 이점 양해 부탁드립니다. 다만, 아래 경로를 통해 일부 목록에 대해선 확인 가능한 점 참고 부탁드립니다. - [내음악] > [많이 재생한 / 최근 재생한] 감사합니다."
com.ktmusic.geniemusic,지니뮤직 - genie,121,SYJ,https://play-lh.googleusercontent.com/a-/ALV-UjXdKZbnW-jBdJKd8XeEVJphdeqcXuZArZGp-HqYjU3udFowTA=s32-rw,2026-04-13,5,데이터에서 와이파이로 바뀌거나 와이파이에서 데이터로 바뀔때마다 스트리밍 동작에 오류 생겼다고 곡 처음부터 재생되는데 이게 한두번 그러는게 아니라 매번 그럽니다.. retrofit 구조좀 바꾸던거 뭐ㅜ어케든 고쳐주세요 제발 너무 불편합니다,0,True,(주)케이티지니뮤직,2026-04-14,안녕하세요. 지니뮤직입니다. 먼저 이용 중 불편을 드려 죄송합니다. 번거로우시겠지만 지니뮤직 고객센터 [1:1문의] 게시판을 통해 상세 문의 내용을 기재하여 재문의 주시면 확인 후 알맞은 조치를 안내해 드리도록 하겠습니다. ※ 전체메뉴 > [고객센터] > [문의하기] > [1:1문의] 감사합니다.
com.ktmusic.geniemusic,지니뮤직 - genie,122,고건호,https://play-lh.googleusercontent.com/a/ACg8ocLdY4XV-Ik5b5DyShRXzHM_-0OLRE3qrHwC20ckLnQ2v-xHnQ=s32-rw-mo,2026-04-11,1,"플리에 담긴 곡 버스나 길갈때 오프라인 재생할때 노래가 계속 1분 00초에서 끊기네요. 이용권 돈주고 샀는데도요. 어이없는게 첫번째 곡은 끝까지 재생, 두번째 곡은 1분에서 자동으로 다음곡으로 넘어감, 다시 세번째 곡은 끝까지 재생, 네번째 곡은 또 다시 1분에서 자동으로 다음곡으로 넘어감. 이게 지금 6개월 째 반복됩니다. 와이파이 잘잡히는 실내나 집에선 안그러는데요. 이거 6개월 동안 지속되니 노래들 1분 00초 지점 정확히 외울정도입니다. 고객센터 문의해도 지들 해줄수 있는거 없다고 하면서 무책임하게 대처하네요. 해결될거 같지도 않으니 그냥 회원탈퇴하고 스포티파이로 갈아탑니다.",75,True,(주)케이티지니뮤직,2026-04-14,"안녕하세요. 지니뮤직입니다. 먼저 이용 중 불편을 드려 죄송합니다. 다만, 남겨주신 리뷰만으로는 증상 파악이 어려워 정확한 답변을 드리기 어렵습니다. 번거로우시겠지만 지니뮤직 고객센터 [1:1문의] 게시판을 통해 상세 문의 내용을 기재하여 재문의 주시면 확인 후 알맞은 조치를 안내해 드리도록 하겠습니다. ※ 전체메뉴 > [고객센터] > [문의하기] > [1:1문의] 감사합니다."
com.ktmusic.geniemusic,지니뮤직 - genie,123,안주형,https://play-lh.googleusercontent.com/a/ACg8ocKW4L2WVTICrv7idczE3o871D_48wplv4PD7i9rgLDL_8HWSQ=s32-rw-mo,2026-04-10,1,끊김없는 재생 기능이 제대로 동작 안하네요; 스포티파이는 잘만 되는데,0,True,(주)케이티지니뮤직,2026-04-14,"안녕하세요. 지니뮤직입니다. 먼저 이용 중 불편을 드려 죄송합니다. 다만, 남겨주신 리뷰만으로는 증상 파악이 어려워 정확한 답변을 드리기 어렵습니다. 번거로우시겠지만 지니뮤직 고객센터 [1:1문의] 게시판을 통해 상세 문의 내용을 기재하여 재문의 주시면 확인 후 알맞은 조치를 안내해 드리도록 하겠습니다. ※ 전체메뉴 > [고객센터] > [문의하기] > [1:1문의] 감사합니다."
com.ktmusic.geniemusic,지니뮤직 - genie,124,김성묵,https://play-lh.googleusercontent.com/a/ACg8ocI9zCn96PssfKulorFNfvyZ9C-OHXQVMuQW7CAA8ArAe7X-Eg=s32-rw-mo,2026-04-10,5,왠만한 노래는 잇지만 해외 노래 없는게 왜케 많아요?,0,True,(주)케이티지니뮤직,2026-04-14,안녕하세요. 지니뮤직입니다. 먼저 이용에 불편을 드린 점 죄송합니다. 남겨주신 의견은 담당 부서로 전달하여 개선될 수 있도록 노력하겠습니다. 감사합니다.
com.ktmusic.geniemusic,지니뮤직 - genie,125,박정연,https://play-lh.googleusercontent.com/a/ACg8ocKHZvSEaKE36vQ6Rmjpy76uZIUCDN77xPfOQWck26RVsB9twA=s32-rw-mo,2026-04-09,1,(지금은 수정됨)좋아하는 일본가수 신곡 나왔다길래 틀었는데 1분 넘게 노이즈 소리만 들리는 음원 손상이 있었음 그래서 먼저 1:1 문의 했더니 1:1 문의는 음원 관련 문의 안내가 어렵단다;; 그래서 음원 문의로 또 문의 넣었는데 1주가 넘게 지나도 답장을 안 주고 음원을 고쳐주지도 않음 다른 리뷰들처럼 문의 진짜 안 들어주니까 걍 딴 데 가세요... 추가1) 그리고 문의 글 수정이나 삭제 좀 할 수 있게 해라 오타 못보고 문의글 올렸는데 수정이 안되네 추가2) 음원 수정 되었다길래 틀었더니 아직도 음원 손상되어있음...일 겁나 못함...,0,True,(주)케이티지니뮤직,2026-04-06,안녕하세요. 지니뮤직입니다. 먼저 이용에 불편을 드린 점 죄송합니다. 남겨주신 의견은 담당 부서로 전달하여 개선될 수 있도록 노력하겠습니다. 감사합니다.
com.ktmusic.geniemusic,지니뮤직 - genie,126,Space Papa,https://play-lh.googleusercontent.com/a-/ALV-UjX-JiMWBVkOc7vLZ1xdwDLs3JbvZuq3KLfjb1Sa8-Ypu5O64Ili=s32-rw,2026-04-07,5,요새 러닝 다시 시작했는데~ 지니 러닝 플리 넘 좋아요! 매트로놈 기능도 좋아요! 이번 업데이트 5점 드립니다!,36,True,(주)케이티지니뮤직,2026-04-09,안녕하세요. 지니뮤직입니다. 소중한 시간을 내어 의견을 남겨주셔서 진심으로 감사드립니다. 앞으로도 더 만족스러운 이용 경험을 드릴 수 있도록 노력하겠습니다. 감사합니다.
com.ktmusic.geniemusic,지니뮤직 - genie,127,한민지,https://play-lh.googleusercontent.com/a-/ALV-UjXqkLC__pWL9d4ODVXqodFE0ly2bUfs-w28d5ZdBVN4n0-mwfg=s32-rw,2026-04-01,1,재생목록 안에서 셔플 랜덤 재생할 수 있게 만들어주세요. 매번 같은 순서로 들으니 질려요,0,True,(주)케이티지니뮤직,2026-04-06,"안녕하세요. 지니뮤직 입니다. 지니뮤직 APP 플레이어 우측 하단 '셔플 재생' 아이콘(교차된 화살표) 확인을 부탁드립니다. 이 기능을 활성화하시면 순서대로가 아닌 무작위로 재생됩니다. 한 번 더 누르시면 아이콘 해제되며, 다시 순차 재생 모드로 돌아갑니다. 감사합니다."
com.ktmusic.geniemusic,지니뮤직 - genie,128,김성민,https://play-lh.googleusercontent.com/a/ACg8ocJdlAXvD8g298LTOdy9EeP-OcP5l9OYvisbskeoXiHooOaPWw=s32-rw-mo,2026-04-01,5,음악 듣다가 도중에 왜 자꾸 끊기죠... 한두번 이러는게 아니라 듣다가 뭔 세션이 만료됐다 이러면서 끊김니다...,0,True,(주)케이티지니뮤직,2026-04-06,"안녕하세요. 지니뮤직입니다. 먼저 이용 중 불편을 드려 죄송합니다. 다만, 남겨주신 리뷰만으로는 증상 파악이 어려워 정확한 답변을 드리기 어렵습니다. 번거로우시겠지만 지니뮤직 고객센터 [1:1문의] 게시판을 통해 상세 문의 내용을 기재하여 재문의 주시면 확인 후 알맞은 조치를 안내해 드리도록 하겠습니다. ※ 전체메뉴 > [고객센터] > [문의하기] > [1:1문의] 감사합니다."
com.ktmusic.geniemusic,지니뮤직 - genie,129,안희영,https://play-lh.googleusercontent.com/a/ACg8ocLFwLIKmrgpz-M2q2wOGKR9rFHr3XlP0ranxqbSkL-oNUzeyQ=s32-rw-mo,2026-04-01,4,노래목록에서 노래 제거하는 편집 기능이 불편해졌어요,0,True,(주)케이티지니뮤직,2026-04-06,안녕하세요. 지니뮤직입니다. 먼저 이용에 불편을 드린 점 죄송합니다. 남겨주신 의견은 담당 부서로 전달하여 개선될 수 있도록 노력하겠습니다. 감사합니다.
com.ktmusic.geniemusic,지니뮤직 - genie,130,장원영,https://play-lh.googleusercontent.com/a-/ALV-UjVKJp6m1MDh_zxhq41Axj7nwbfzTSyUSxZs6id42aBAu4mo16Li=s32-rw,2026-03-28,5,잘사용하고있습니다,0,True,(주)케이티지니뮤직,2026-03-30,안녕하세요. 지니뮤직입니다. 먼저 이용에 불편을 드린 점 죄송합니다. 남겨주신 의견은 담당 부서로 전달하여 개선될 수 있도록 노력하겠습니다. 감사합니다.
com.ktmusic.geniemusic,지니뮤직 - genie,131,name2 you112,https://play-lh.googleusercontent.com/a/ACg8ocJGr-bZatJYE8sPMMqCeIIL3WoheUgVYMYwX3TEek9UicRYPw=s32-rw-mo,2026-03-28,1,아니 좀 어이가 없네요. 보통 스트리밍 결제하면 모바일기준 앱에서 결제하는 경우가 허다한데 flac 고음질 요금제 자체가 아무리 찾아봐도 안보이길래 그냥 기본 요금제 결제후 필요하면 따로 추가결제 하나보다 생각한 후 기본 요금제 결제함 근데 flac 24비트 고음질로 들으려면 웹에서 결제해야 된다고? 뭐 이딴 경우가 다 있는건지 좀 어이가없네요 굳이굳이 앱에서 고음질 요금제를 결제 못하게 해놓은 건 뭐 이유가 있어서 그러는거예요?,9,True,(주)케이티지니뮤직,2026-03-30,안녕하세요. 지니뮤직입니다. 먼저 이용에 불편을 드린 점 죄송합니다. 남겨주신 의견은 담당 부서로 전달하여 개선될 수 있도록 노력하겠습니다. 감사합니다.
com.ktmusic.geniemusic,지니뮤직 - genie,132,이경진,https://play-lh.googleusercontent.com/a/ACg8ocIFrDp4NaM51cg5hP_UKNHPfnaG6vKzTBaQeVUxvSWFaqo6Tg=s32-rw-mo,2026-03-27,5,좋아요,0,True,(주)케이티지니뮤직,2026-03-30,안녕하세요. 지니뮤직입니다. 소중한 의견 감사합니다. 남겨주신 의견을 바탕으로 보다 나은 서비스를 제공하기 위해 노력하겠습니다. 감사합니다!
com.ktmusic.geniemusic,지니뮤직 - genie,133,릴양갱,https://play-lh.googleusercontent.com/a/ACg8ocIUfmtBfwT5g4oTMdmQn7VZhNQiIRuxPwpbtnenPFYx_98vASQ=s32-rw-mo,2026-03-25,1,기본적으로 곡이 없음. 유사곡 라디오 틀면 엉뚱한 곡들 추가됨.,0,True,(주)케이티지니뮤직,2026-03-27,안녕하세요. 지니뮤직입니다. 먼저 이용에 불편을 드린 점 죄송합니다. 남겨주신 의견은 담당 부서로 전달하여 개선될 수 있도록 노력하겠습니다. 감사합니다.
com.ktmusic.geniemusic,지니뮤직 - genie,134,잠이와요,https://play-lh.googleusercontent.com/a-/ALV-UjU8Z_uA79EtCWJF7Pi08L55J1q7em4Qo6zD1_zC2rnLXVRLzq9O6g=s32-rw,2026-03-24,1,어플 깔게 하려고 홈페이지로는 아무것도 할 수 없게 만듬ㅋㅋ 역하다 진짜,1,True,(주)케이티지니뮤직,2026-03-27,"안녕하세요. 지니뮤직입니다. 먼저 이용 중 불편을 드려 죄송합니다. 다만, 남겨주신 리뷰만으로는 증상 파악이 어려워 정확한 답변을 드리기 어렵습니다. 번거로우시겠지만 지니뮤직 고객센터 [1:1문의] 게시판을 통해 상세 문의 내용을 기재하여 재문의 주시면 확인 후 알맞은 조치를 안내해 드리도록 하겠습니다. ※ 전체메뉴 > [고객센터] > [문의하기] > [1:1문의] 감사합니다."
com.ktmusic.geniemusic,지니뮤직 - genie,135,장엄한노을,https://play-lh.googleusercontent.com/a-/ALV-UjVqhGkCeBPVZzOI4Oh3r50zFuJ2_CcYsLyEDGEuNtd4f0xkdbU=s32-rw,2026-03-24,1,업데이트 하라고 해서 업데이트를 누르니 계속 반복하네요. 왜 이러는거죠?,0,True,(주)케이티지니뮤직,2026-03-30,"안녕하세요. 지니뮤직입니다. 먼저 이용 중 불편을 드려 죄송합니다. 다만, 남겨주신 리뷰만으로는 증상 파악이 어려워 정확한 답변을 드리기 어렵습니다. 번거로우시겠지만 지니뮤직 고객센터 [1:1문의] 게시판을 통해 상세 문의 내용을 기재하여 재문의 주시면 확인 후 알맞은 조치를 안내해 드리도록 하겠습니다. ※ 전체메뉴 > [고객센터] > [문의하기] > [1:1문의] 감사합니다."
com.ktmusic.geniemusic,지니뮤직 - genie,136,김현정,https://play-lh.googleusercontent.com/a/ACg8ocL_80XHefTvA69EPtWCJB2ittLgtiP3MGiD5xoLrLFLKiIHOb4=s32-rw-mo,2026-03-22,3,신속하게 이용해요,0,True,(주)케이티지니뮤직,2026-03-27,"안녕하세요. 지니뮤직입니다. 먼저 이용 중 불편을 드려 죄송합니다. 다만, 남겨주신 리뷰만으로는 증상 파악이 어려워 정확한 답변을 드리기 어렵습니다. 번거로우시겠지만 지니뮤직 고객센터 [1:1문의] 게시판을 통해 상세 문의 내용을 기재하여 재문의 주시면 확인 후 알맞은 조치를 안내해 드리도록 하겠습니다. ※ 전체메뉴 > [고객센터] > [문의하기] > [1:1문의] 감사합니다."
com.ktmusic.geniemusic,지니뮤직 - genie,137,박한나,https://play-lh.googleusercontent.com/a-/ALV-UjWveNIu_FMcWvkPs9fwnV4WZl3N5UEF0sYv9SJdiRw9a_qM-Kai=s32-rw,2026-03-18,3,"다 그럭저럭 ㄱㅊ은데 앱 디자인 자체가 너무 구려요. 앱 디자인, ui 이런거 좀 트렌디하게 바뀌었으면 좋겠어요.",1,True,(주)케이티지니뮤직,2026-03-19,안녕하세요. 지니뮤직입니다. 먼저 이용에 불편을 드린 점 죄송합니다. 남겨주신 의견은 담당 부서로 전달하여 개선될 수 있도록 노력하겠습니다. 감사합니다.
com.ktmusic.geniemusic,지니뮤직 - genie,138,윤인철,https://play-lh.googleusercontent.com/a-/ALV-UjVtbuewQ2Vy_PzvmFOfbw9qAD-QwUTWGVuvk4tKsf3BF5-Sc8dB=s32-rw,2026-03-15,1,없는곡이 너무 많아요 개선이 필요합니다.,1,True,(주)케이티지니뮤직,2026-03-19,안녕하세요. 지니뮤직입니다. 먼저 이용에 불편을 드린 점 죄송합니다. 남겨주신 의견은 담당 부서로 전달하여 개선될 수 있도록 노력하겠습니다. 감사합니다.
com.ktmusic.geniemusic,지니뮤직 - genie,139,박재우,https://play-lh.googleusercontent.com/a/ACg8ocIZlDgYZXJ3DzZcl9KlchFZmDCyYggrNOJqSHkNyydf93U-GA=s32-rw-mo,2026-03-14,1,페이스북 로그인 및 비밀번호 찾기 제한,1,True,(주)케이티지니뮤직,2026-03-19,안녕하세요. 지니뮤직입니다. 먼저 이용 중 불편을 드려 죄송합니다. 번거로우시겠지만 지니뮤직 고객센터 [1:1문의] 게시판을 통해 상세 문의 내용을 기재하여 재문의 주시면 확인 후 알맞은 조치를 안내해 드리도록 하겠습니다. ※ 전체메뉴 > [고객센터] > [문의하기] > [1:1문의] 감사합니다.
com.ktmusic.geniemusic,지니뮤직 - genie,140,이나경,https://play-lh.googleusercontent.com/a/ACg8ocJaqLiyhWeQ3b6TAoBb7cP-6ojaIOCMqA3bcYbFI1gW8L2xMg=s32-rw-mo,2026-03-13,1,제발 차트순위 좀 어떻게 해줘요 몇년째 똑같은 노래들만 아오 실시간이고 월간이고 다 같고,2,True,(주)케이티지니뮤직,2026-03-19,안녕하세요. 지니뮤직입니다. 먼저 이용에 불편을 드린 점 죄송합니다. 남겨주신 의견은 담당 부서로 전달하여 개선될 수 있도록 노력하겠습니다. 감사합니다.
com.ktmusic.geniemusic,지니뮤직 - genie,141,유승민,https://play-lh.googleusercontent.com/a/ACg8ocLqLzjW0jc6OmHQhwfMIfj5zH2F9GnXPXpUhKjPlog-rTjBkg=s32-rw-mo,2026-03-12,5,노래듣는게 좋네요,2,True,(주)케이티지니뮤직,2026-03-13,안녕하세요. 지니뮤직입니다. 소중한 의견 감사합니다. 남겨주신 의견을 바탕으로 보다 나은 서비스를 제공하기 위해 노력하겠습니다. 감사합니다!
com.ktmusic.geniemusic,지니뮤직 - genie,142,T K,https://play-lh.googleusercontent.com/a/ACg8ocLL3DbMxZN7HoRX3QO43bJyGxKsPNx461pBoJfkW2wCcf4jpw=s32-rw-mo,2026-03-12,1,음악앱에서 필수 권한이 너무 많음 다른 음악앱은 권한없이 실행가능한데 비해 전화와 다른앱 위에 표시는 왜 필요한지 의문,1,True,(주)케이티지니뮤직,2026-03-13,안녕하세요. 지니뮤직입니다. 먼저 이용에 불편을 드린 점 죄송합니다. 남겨주신 의견은 담당 부서로 전달하여 개선될 수 있도록 노력하겠습니다. 감사합니다.
com.ktmusic.geniemusic,지니뮤직 - genie,143,오제호 (13층),https://play-lh.googleusercontent.com/a/ACg8ocIxvQ29abIozKmDgdzcQE3KRl1goVPqqR-c9DnRriYwu7dT4A=s32-rw-mo,2026-03-12,1,재생 목록 3000개 이상 저장되게 해주세요,1,True,(주)케이티지니뮤직,2026-03-13,안녕하세요. 지니뮤직입니다. 먼저 이용에 불편을 드린 점 죄송합니다. 남겨주신 의견은 담당 부서로 전달하여 개선될 수 있도록 노력하겠습니다. 감사합니다.
com.ktmusic.geniemusic,지니뮤직 - genie,144,김김진학,https://play-lh.googleusercontent.com/a/ACg8ocKHX5DVRJ1grUO2XuhrbPtrTx5tYu-MjHKcPcOJ9iGhGRPKre5Y=s32-rw-mo,2026-03-10,5,음질 음악 좋아요 제가 지니 뮤직써봐서,2,True,(주)케이티지니뮤직,2026-03-12,안녕하세요. 지니뮤직입니다. 소중한 의견 감사합니다. 남겨주신 의견을 바탕으로 보다 나은 서비스를 제공하기 위해 노력하겠습니다. 감사합니다!
com.ktmusic.geniemusic,지니뮤직 - genie,145,Hyejin Lee,https://play-lh.googleusercontent.com/a/ACg8ocJvezWEGK_-Se8Hrw27fWoYywg3mYPWca_lC0-Dy1l-uvftmg=s32-rw-mo,2026-03-09,4,통신사 혜택으로 지니뮤직이 채택되어있어 이용중이에요 요즘인기곡들으려고 지니차트로자주듣습니다 근데 팬심이 과한듯..뜬금없는 한아티스트 메들리로 대환장!! 이제 그분노래도 듣기싫어졌어요 매번 전체듣에서 아티스트 콕찝어 삭제해서 들었는데 제외아티스트기능이 있어 너무 좋네요 ♡,1,True,(주)케이티지니뮤직,2026-03-12,안녕하세요. 지니뮤직입니다. 소중한 의견 감사합니다. 남겨주신 의견을 바탕으로 보다 나은 서비스를 제공하기 위해 노력하겠습니다. 감사합니다!
com.ktmusic.geniemusic,지니뮤직 - genie,146,조미정,https://play-lh.googleusercontent.com/a/ACg8ocL9-qKhptoRcetmdbbnBYwj2yGv0gg9ti0nbfJzdTmHZzrMpQ=s32-rw-mo,2026-03-09,1,해지는 도대체 어떡해하나요? 1년 내내 돈만내고있는데ㅡㅡ,1,True,(주)케이티지니뮤직,2026-03-12,안녕하세요. 지니뮤직입니다. 먼저 이용 중 불편을 드려 죄송합니다. 번거로우시겠지만 지니뮤직 고객센터 [1:1문의] 게시판을 통해 상세 문의 내용을 기재하여 재문의 주시면 확인 후 알맞은 조치를 안내해 드리도록 하겠습니다. ※ 전체메뉴 > [고객센터] > [문의하기] > [1:1문의] 감사합니다.
com.ktmusic.geniemusic,지니뮤직 - genie,147,박서연,https://play-lh.googleusercontent.com/a/ACg8ocLb9b3XwozBgRdEOcIJFjD5v0FR5fbw9bqeXAIoFXBE31U0EA=s32-rw-mo,2026-03-04,1,아니 이게 뭐임 노래를 클릭해도 다른 노래나오고 난리야 1분 미리듣기는 왜함? 애초에 1분미리 들을 빠에 유튜브 노래 찾아서 본다 돈 뜯어내려고 아주 발악을 하네,0,True,(주)케이티지니뮤직,2026-03-12,"안녕하세요. 지니뮤직입니다. 먼저 이용 중 불편을 드려 죄송합니다. 다만, 남겨주신 리뷰만으로는 증상 파악이 어려워 정확한 답변을 드리기 어렵습니다. 번거로우시겠지만 지니뮤직 고객센터 [1:1문의] 게시판을 통해 상세 문의 내용을 기재하여 재문의 주시면 확인 후 알맞은 조치를 안내해 드리도록 하겠습니다. ※ 전체메뉴 > [고객센터] > [문의하기] > [1:1문의] 감사합니다."
com.ktmusic.geniemusic,지니뮤직 - genie,148,민이,https://play-lh.googleusercontent.com/a-/ALV-UjUApZygrv7CkQOGBCjWjaFIGBMMvHfWU-EqzGDGPiGu8-oMky1e=s32-rw,2026-03-03,1,"댓글이 725일 막혀서 뭔 댓글때문에 이런건지 문의해봄. 그랬더니 답변이 ""고객님께서 작성하신 댓글은 댓글 운영 정책 기준에 따라 추가 검토/심사를 진행하여 제한 해제 가능 여부를 확인 후 처리하도록 하겠습니다."" 라고 돌아옴.. 쉽게 말해 일단 싸그리 블럭부터 해놓고 민원하는 사람들 순으로 검토하고 풀어준다는거임? 유죄추정임? 운영을 이따구로 해도 되냐?? 더러워서 안듣고만다 음악 스트리밍이 여기뿐이냐? 이번달로 끝낸다. 아니 내일부터 그냥 유튜브뮤직 들을란다",2,True,(주)케이티지니뮤직,2026-03-12,안녕하세요. 지니뮤직입니다. 먼저 이용에 불편을 드린 점 죄송합니다. 남겨주신 의견은 담당 부서로 전달하여 개선될 수 있도록 노력하겠습니다. 감사합니다.
com.ktmusic.geniemusic,지니뮤직 - genie,149,댄디라이언,https://play-lh.googleusercontent.com/a-/ALV-UjU4ci5BW-NKuXggiv_AJhtuCZXAk9s02u8zfptzbQVtOOml0Xw=s32-rw,2026-03-02,1,"노래도 별로 없고, 맞춤 노래 추천은 없다시피하고, AI DJ는 없는거나 다름 없고, 음악 장르 구분이 이상하게 되어있고, 음악으로 검색은 못알아처먹음 아이돌 노래 듣는 사람은 쓰고 하위문화 좋아하는 사람은 쓰지 마셈",1,True,(주)케이티지니뮤직,2026-03-12,안녕하세요. 지니뮤직입니다. 먼저 이용에 불편을 드린 점 죄송합니다. 남겨주신 의견은 담당 부서로 전달하여 개선될 수 있도록 노력하겠습니다. 감사합니다.
com.ktmusic.geniemusic,지니뮤직 - genie,150,x pгiиcе,https://play-lh.googleusercontent.com/a-/ALV-UjVfztKA4cWzvlx_4YNOab97F89DeC0hFOZNXiynYbx4a2pMiwKo=s32-rw,2026-03-01,1,고객은 유료로 듣고 다운받는건데 저작권문제로 못듣는곡 수두룩하고 곡 년도별 표시도 엉망임 일대일 문의해봤자 해결되는거 1도 없었음 돈주고 음악 FLAC으로 다운받은게 200곡이 넘는데도 스트리밍 안들으면 고객취급도 안해서 댓글 확인도 못달게 만들어버리네요ㅋㅋ 음원신청해도 권리사 어쩌구 안들어줍니다,11,True,(주)케이티지니뮤직,2026-03-12,안녕하세요. 지니뮤직입니다. 먼저 이용에 불편을 드린 점 죄송합니다. 남겨주신 의견은 담당 부서로 전달하여 개선될 수 있도록 노력하겠습니다. 감사합니다.
com.ktmusic.geniemusic,지니뮤직 - genie,151,Yeji Kim,https://play-lh.googleusercontent.com/a-/ALV-UjWK26lQTiWYgl23KHrEZOck6lsXfv4WF7Ew7EsWLo5RJJGOR38h=s32-rw,2026-02-27,5,곡 정렬 > 랜덤으로 하는 기능 만들어주실수없을까요? 랜덤재생한 순서가 마음에 드는 경우가 있는데 이걸 기억하고싶어요,2,True,(주)케이티지니뮤직,2026-03-19,안녕하세요. 지니뮤직입니다. 먼저 이용에 불편을 드린 점 죄송합니다. 남겨주신 의견은 담당 부서로 전달하여 개선될 수 있도록 노력하겠습니다. 감사합니다.
com.ktmusic.geniemusic,지니뮤직 - genie,152,신중히,https://play-lh.googleusercontent.com/a/ACg8ocJ_GL4rXZJBLiotUGr-VTeI9lcH6yZ1Q6Fz9ukKoQUBvq8Zmw=s32-rw-mo,2026-02-23,5,문제해결됐습니다. g포인트 진입메뉴도 생긴것 같네요. 잘쓰겠습니다.,2,True,(주)케이티지니뮤직,2026-02-23,"안녕하세요. 지니뮤직입니다. 먼저 이용 중 불편을 드려 죄송합니다. 다만, 남겨주신 리뷰만으로는 증상 파악이 어려워 정확한 답변을 드리기 어렵습니다. 번거로우시겠지만 지니뮤직 고객센터 [1:1문의] 게시판을 통해 상세 문의 내용을 기재하여 재문의 주시면 확인 후 알맞은 조치를 안내해 드리도록 하겠습니다. ※ 전체메뉴 > [고객센터] > [문의하기] > [1:1문의] 감사합니다."
com.ktmusic.geniemusic,지니뮤직 - genie,153,조예진,https://play-lh.googleusercontent.com/a/ACg8ocKAGb2XX3zHy0If2ZpcZOSWA4xkQSON3zU31AqP51vH8lEGRg=s32-rw-mo,2026-02-22,1,모든 플레이리스트에 있는 곡들 노래가사가 안떠요,2,True,(주)케이티지니뮤직,2026-02-23,"안녕하세요. 지니뮤직입니다. 먼저 이용 중 불편을 드려 죄송합니다. 다만, 남겨주신 리뷰만으로는 증상 파악이 어려워 정확한 답변을 드리기 어렵습니다. 번거로우시겠지만 지니뮤직 고객센터 [1:1문의] 게시판을 통해 상세 문의 내용을 기재하여 재문의 주시면 확인 후 알맞은 조치를 안내해 드리도록 하겠습니다. ※ 전체메뉴 > [고객센터] > [문의하기] > [1:1문의] 감사합니다."
com.ktmusic.geniemusic,지니뮤직 - genie,154,강민서,https://play-lh.googleusercontent.com/a-/ALV-UjUWRmlLtIkruzeP92tG_6BSu7qJ1VKzZN7VWQPXGmDdO24qlHV4=s32-rw,2026-02-22,1,...? 대댓글 시스템 어디갔죠... 그리고 가사 몇 개씩만 볼드로 나오는 건 대체 무슨 의미인가요..,13,True,(주)케이티지니뮤직,2026-02-23,"안녕하세요. 지니뮤직입니다. 공지사항을 통해 안내드린 바와 같이, 최근 지니뮤직 내 다양한 댓글 영역에서 운영 정책에 위배되는 댓글(게시물과 무관한 내용, 도배, 욕설, 비방, 정치적, 선정적 표현 등)로 인해 다수의 이용자분들께 불편을 드리는 사례가 증가하여 댓글 운영 정책이 강화되었습니다. 본 조치는 지니 서비스 전반의 품질을 개선하고 모든 이용자분들께 보다 나은 음악 경험을 제공하기 위한 조치이오니 회원 여러분의 양해를 부탁드립니다. 감사합니다."
com.ktmusic.geniemusic,지니뮤직 - genie,155,SangMin Lee,https://play-lh.googleusercontent.com/a/ACg8ocJQc2tdzGpEQ0N-IYbX2ElT-yvEujPUEKWkdqa4SavzHaBt_w=s32-rw-mo,2026-02-20,2,답글 기능은 어디로 갔나요? 그리고 스크롤 캡쳐를 하려니까 갑자기 재생 중 음악 탭이 열리면서 막혀버립니다.,8,True,(주)케이티지니뮤직,2026-02-23,"안녕하세요. 지니뮤직입니다. 공지사항을 통해 안내드린 바와 같이, 최근 지니뮤직 내 다양한 댓글 영역에서 운영 정책에 위배되는 댓글(게시물과 무관한 내용, 도배, 욕설, 비방, 정치적, 선정적 표현 등)로 인해 다수의 이용자분들께 불편을 드리는 사례가 증가하여 댓글 운영 정책이 강화되었습니다. 이 점 이용에 참고 부탁드립니다. 추가적으로 [1:1문의] 게시판을 통해 상세 문의 내용을 기재하여 재문의 주시면 확인 후 알맞은 조치를 안내해 드리도록 하겠습니다. ※ 전체메뉴 > [고객센터] > [문의하기] > [1:1문의] 감사합니다."
com.ktmusic.geniemusic,지니뮤직 - genie,156,Gi Hoon Lee,https://play-lh.googleusercontent.com/a-/ALV-UjXMKptWQwH_wNeUQM9EX7qhqG9e8dgDOVsvgyFx_XZ5no_EW2I=s32-rw,2026-02-18,1,별한개도아깝다. 네이버 로그인하려고 하는데 회원가입창나오는거 실화냐? 이게 수준?,3,True,(주)케이티지니뮤직,2026-02-23,"안녕하세요. 지니뮤직입니다. 먼저 이용 중 불편을 드려 죄송합니다. 다만, 남겨주신 리뷰만으로는 증상 파악이 어려워 정확한 답변을 드리기 어렵습니다. 번거로우시겠지만 지니뮤직 고객센터 [1:1문의] 게시판을 통해 상세 문의 내용을 기재하여 재문의 주시면 확인 후 알맞은 조치를 안내해 드리도록 하겠습니다. ※ 전체메뉴 > [고객센터] > [문의하기] > [1:1문의] 감사합니다."
com.ktmusic.geniemusic,지니뮤직 - genie,157,Yeseol Oh,https://play-lh.googleusercontent.com/a-/ALV-UjXp0nyYtj7_qN_c9ija3s3GgZo27lkErv5AYhOjBIVY-Jjot6dDjQ=s32-rw,2026-02-15,2,결제 방식 최악,3,True,(주)케이티지니뮤직,2026-02-23,안녕하세요. 지니뮤직입니다. 먼저 이용 중 불편을 드려 죄송합니다. 번거로우시겠지만 지니뮤직 고객센터 [1:1문의] 게시판을 통해 상세 문의 내용을 기재하여 재문의 주시면 확인 후 알맞은 조치를 안내해 드리도록 하겠습니다. ※ 전체메뉴 > [고객센터] > [문의하기] > [1:1문의] 감사합니다.
com.ktmusic.geniemusic,지니뮤직 - genie,158,엄찬우,https://play-lh.googleusercontent.com/a/ACg8ocLZex0_BLz0776OhkeJDr6pZ4DYx4KpbTXNHASPXwdqSPrBVw=s32-rw-mo,2026-02-14,3,노래를 듣는데 아예 다른 노래 제목이랑 가사가 나와요 예를 들면 노래 A를 듣고 있는데 노래 B의 제목이랑 가사가 떠요,2,True,(주)케이티지니뮤직,2026-02-23,"안녕하세요. 지니뮤직입니다. 먼저 이용 중 불편을 드려 죄송합니다. 다만, 남겨주신 리뷰만으로는 증상 파악이 어려워 정확한 답변을 드리기 어렵습니다. 번거로우시겠지만 지니뮤직 고객센터 [1:1문의] 게시판을 통해 상세 문의 내용을 기재하여 재문의 주시면 확인 후 알맞은 조치를 안내해 드리도록 하겠습니다. ※ 전체메뉴 > [고객센터] > [문의하기] > [1:1문의] 감사합니다."
com.ktmusic.geniemusic,지니뮤직 - genie,159,경화(군라부락),https://play-lh.googleusercontent.com/a-/ALV-UjUo3AfVWWdiwDESCdxGSK6SwZaquVCo6LAayrnYByUI4_BT4FI=s32-rw,2026-02-12,1,서버응답이 원할하지않습니다 뒤로가기 해서 다시 클릭해야 하고 한 두번도 아니고 장난하냐 무제한 데이터 요금제 사용중이고 최신폰인데 지니뮤직 정신차려라 언제까지 이렇게 운영할래!!!!,4,True,(주)케이티지니뮤직,2026-02-23,"안녕하세요. 지니뮤직입니다. 먼저 이용 중 불편을 드려 죄송합니다. 다만, 남겨주신 리뷰만으로는 증상 파악이 어려워 정확한 답변을 드리기 어렵습니다. 번거로우시겠지만 지니뮤직 고객센터 [1:1문의] 게시판을 통해 상세 문의 내용을 기재하여 재문의 주시면 확인 후 알맞은 조치를 안내해 드리도록 하겠습니다. ※ 전체메뉴 > [고객센터] > [문의하기] > [1:1문의] 감사합니다."
com.ktmusic.geniemusic,지니뮤직 - genie,160,김도연,https://play-lh.googleusercontent.com/a-/ALV-UjXGARTEPGhI9fxKjzaqcPFkxLX9mVlYjyAXheZuVYS5qvDYJDTu=s32-rw,2026-02-12,1,좋아요한 아티스트 앨범 발매 알림 설정을 해놨는데 왜 노래에 딱 한 번 좋아요 누른 가수까지 다 알림이 뜨나요... 아티스트 좋아요 기능이 멀쩡히 있는데 그 아티스트들 앨범 알림을 원하는 거지 누가 노래 한 곡 마음에 들었다고 전부 다 알림을 받고 싶어해요;;,4,True,(주)케이티지니뮤직,2026-02-23,"안녕하세요. 지니뮤직입니다. 먼저 이용 중 불편을 드려 죄송합니다. 다만, 남겨주신 리뷰만으로는 증상 파악이 어려워 정확한 답변을 드리기 어렵습니다. 번거로우시겠지만 지니뮤직 고객센터 [1:1문의] 게시판을 통해 상세 문의 내용을 기재하여 재문의 주시면 확인 후 알맞은 조치를 안내해 드리도록 하겠습니다. ※ 전체메뉴 > [고객센터] > [문의하기] > [1:1문의] 감사합니다."
com.ktmusic.geniemusic,지니뮤직 - genie,161,박현정,https://play-lh.googleusercontent.com/a-/ALV-UjUgtm6AeYAZeQgKsyNgjEINVjd6l9ozVlZ2MqQpOIA3EZLeYcs=s32-rw,2026-02-10,5,많이 썹핬는데 좋은것같아요!🫠🥰,0,True,(주)케이티지니뮤직,2026-02-23,안녕하세요. 지니뮤직입니다. 소중한 의견 감사합니다. 남겨주신 의견을 바탕으로 보다 나은 서비스를 제공하기 위해 노력하겠습니다. 감사합니다!
com.ktmusic.geniemusic,지니뮤직 - genie,162,이동석,https://play-lh.googleusercontent.com/a/ACg8ocLHaa6IHxtecCgyeyr_mTQt4DoacvEJmkuQud3ao2f_yX6cng=s32-rw-mo,2026-02-10,1,상종할 가치를 못느낌,3,True,(주)케이티지니뮤직,2026-02-23,안녕하세요. 지니뮤직입니다. 남겨주신 리뷰만으로는 증상 파악이 어려워 정확한 답변을 드리기 어렵습니다. 번거로우시겠지만 지니뮤직 고객센터 [1:1문의] 게시판을 통해 문의 내용을 기재하여 재문의 부탁드립니다. ※ 전체메뉴 > [고객센터] > [문의하기] > [1:1문의] 감사합니다.
com.ktmusic.geniemusic,지니뮤직 - genie,163,JENNA PARK,https://play-lh.googleusercontent.com/a-/ALV-UjUH_iDXNtpnLoBAt3GVObkMZUnQJM-8EIhRwr82pkBel0KFavc=s32-rw,2026-02-10,1,"지니가 유저들을 다 쫓아내려나 보다. 별 단어들도 금칙어로 저장해서 뭔 댓글을 달 수도 없고, 답글 기능도 삭제했다. 조금이라도 곡 관련에서 벗어난 댓글을 쓰면 싹 다 삭제하고 1~2년 정지를 먹인다. 이 뭔 중간도 없이 극단적으로 정지를 먹이니까 활동을 할 수도 없고, 자신들이 유저들 위에 있는 줄 안다. 물론 청정한 댓글 문화는 중요하지만, 그걸 위해 죄 없는 유저들의 표현의 자유도 매우 침해하여 뭔가 하기가 어렵다.",46,True,(주)케이티지니뮤직,2026-02-23,"안녕하세요. 지니뮤직입니다. 공지사항을 통해 안내드린 바와 같이, 최근 지니뮤직 내 다양한 댓글 영역에서 운영 정책에 위배되는 댓글(게시물과 무관한 내용, 도배, 욕설, 비방, 정치적, 선정적 표현 등)로 인해 다수의 이용자분들께 불편을 드리는 사례가 증가하여 댓글 운영 정책이 강화되었습니다. 본 조치는 지니 서비스 전반의 품질을 개선하고 모든 이용자분들께 보다 나은 음악 경험을 제공하기 위한 조치이오니 회원 여러분의 양해를 부탁드립니다. 감사합니다."
com.ktmusic.geniemusic,지니뮤직 - genie,164,뚱이,https://play-lh.googleusercontent.com/a-/ALV-UjW3N2UTQ7s9-U7fBGWSKXT5pMUEj__60bXFQDmRwf4E0DberDcMYw=s32-rw,2026-02-10,5,"좋은 뮤직, 위대한 뮤직.",2,True,(주)케이티지니뮤직,2026-02-23,안녕하세요. 지니뮤직입니다. 소중한 의견 감사합니다. 남겨주신 의견을 바탕으로 보다 나은 서비스를 제공하기 위해 노력하겠습니다. 감사합니다.
com.ktmusic.geniemusic,지니뮤직 - genie,165,쌉가능,https://play-lh.googleusercontent.com/a/ACg8ocKoDuXqdWClpGa2pE7qNsNtwgOq8oCiBM5-VqzzDH1pab1EnQ=s32-rw-mo,2026-02-09,3,음악 듣는 앱인데 이퀄라이징은 신경 아예 안쓴듯....,2,True,(주)케이티지니뮤직,2026-02-23,안녕하세요. 지니뮤직입니다. 먼저 이용 중 불편을 드려 죄송합니다. 번거로우시겠지만 지니뮤직 고객센터 [1:1문의] 게시판을 통해 상세 문의 내용을 기재하여 재문의 주시면 확인 후 알맞은 조치를 안내해 드리도록 하겠습니다. ※ 전체메뉴 > [고객센터] > [문의하기] > [1:1문의] 감사합니다.
com.ktmusic.geniemusic,지니뮤직 - genie,166,정다우리,https://play-lh.googleusercontent.com/a/ACg8ocKgGwW37RfdNskdd8pgsyJHvvLlonzcKWeaLJGHbzuILSKFLg=s32-rw-mo,2026-02-09,1,음악을 재생하면 갑자기 소리가 0.1초 정도 크게 나다가 다시 원래 음량으로 돌아오는데 이어폰으로 음악 듣다가 고막 나가는 줄 알았습니다. 샤오미 레드미노트13 쓰는데 폰이 문제인가요?,1,True,(주)케이티지니뮤직,2026-02-23,"안녕하세요. 지니뮤직입니다. 먼저 이용 중 불편을 드려 죄송합니다. 다만, 남겨주신 리뷰만으로는 증상 파악이 어려워 정확한 답변을 드리기 어렵습니다. 번거로우시겠지만 지니뮤직 고객센터 [1:1문의] 게시판을 통해 상세 문의 내용을 기재하여 재문의 주시면 확인 후 알맞은 조치를 안내해 드리도록 하겠습니다. ※ 전체메뉴 > [고객센터] > [문의하기] > [1:1문의] 감사합니다."
com.ktmusic.geniemusic,지니뮤직 - genie,167,예담,https://play-lh.googleusercontent.com/a-/ALV-UjU6Rs0WEIKitthFmP8uh6vvB7jXnY-vUE_AFIClSbOXCNFhTaA=s32-rw,2026-02-09,1,"전부터 문제가 되던 금칙어도 모자라 지니뮤직 측에서 아티스트, 앨범 등과 관련이 없으면 댓글을 모두 지워버리며 3번 이상 삭제를 당할 시 블랙리스트에 넣어 1~2년 간 아무것도 못 하게 하네요. (평소 응원하는 댓글만 단 유저입니다. 731일 동안 댓글을 못 쓴다네요.) 지니뮤직 측에 문의를 넣어봤으나 공지사항을 복사 붙여넣기하여 무의미한 답변을 받았습니다. 지니뮤직에서는 친목, 비속어 등의 문제를 원인 삼아 얘기하였으나 친목이라면 팔로워는 왜 있는 것이며 비속어라면 이미 과도하게 제한하고 있지 않나 의문이 드네요. 같이 응원 댓글을 쓰던 분들을 보면 다들 앱을 삭제한다, 멜론 등 다른 어플로 갈아타겠다는 둥 불만을 표하고 있는데 대처조차 없는 것도 웃깁니다. 또, 플레이리스트를 만드려면 플리에 들어가서 일일이 검색해야 되요. 이 과정에서 저는 지니뮤직에서 플리를 날려먹은 게(없앤 적이) 한 두번이 아니랍니다. 지니뮤직은 목표대로 사용자를 모두 없어지게 하세요~!",110,True,(주)케이티지니뮤직,2026-02-23,"안녕하세요. 지니뮤직입니다. 공지사항을 통해 안내드린 바와 같이, 최근 지니뮤직 내 다양한 댓글 영역에서 운영 정책에 위배되는 댓글(게시물과 무관한 내용, 도배, 욕설, 비방, 정치적, 선정적 표현 등)로 인해 다수의 이용자분들께 불편을 드리는 사례가 증가하여 댓글 운영 정책이 강화되었습니다. 본 조치는 지니 서비스 전반의 품질을 개선하고 모든 이용자분들께 보다 나은 음악 경험을 제공하기 위한 조치이오니 회원 여러분의 양해를 부탁드립니다. 감사합니다."
com.ktmusic.geniemusic,지니뮤직 - genie,168,애시울,https://play-lh.googleusercontent.com/a/ACg8ocIUIeze2Xgkk3K92tLytRg3yD8F-4IPsGr7C1KDhQuEEzrIPQ=s32-rw-mo,2026-02-08,1,아니 아이폰으로 바꾸면 해지를 왜 번거롭게 앱에서 못하게 하는데 생각이 그냥 없음,0,True,(주)케이티지니뮤직,2026-02-23,안녕하세요. 지니뮤직입니다. 먼저 이용 중 불편을 드려 죄송합니다. 번거로우시겠지만 지니뮤직 고객센터 [1:1문의] 게시판을 통해 상세 문의 내용을 기재하여 재문의 주시면 확인 후 알맞은 조치를 안내해 드리도록 하겠습니다. ※ 전체메뉴 > [고객센터] > [문의하기] > [1:1문의] 감사합니다.
com.ktmusic.geniemusic,지니뮤직 - genie,169,ESON P,https://play-lh.googleusercontent.com/a-/ALV-UjXyU9aXD-VEaNgkg4spSVpMHVc_S0SNEZtqf2jzWqOEFQS2vUpr=s32-rw,2026-02-08,3,"잘쓰는데 제발 노래가 좀 없는것같애요. 개선 의견에 몇번을 넣었는데도 없구요, 특히 가수의 옛노래와 최근노래는 있으면서 유명한 노래가 없다는게 참... noa의 전방향 미소녀랑 mu lovely killer 좀 넣어주세요 제발 ㅠ",3,True,(주)케이티지니뮤직,2026-02-23,안녕하세요. 지니뮤직입니다. 지니뮤직은 저작권리사로 라이센스 비용을 지불하고 음원을 제공하고 있습니다. 때문에 음원 신청 시 저작권리사로 제공 가능 여부를 우선적으로 확인하고 있습니다. 번거로우시겠지만 고객센터 > [문의하기] > [음원 문의] 게시판을 통해 음원 정보를 기재하여 재문의 주시면 확인 후 빠른 안내를 도와드리도록 하겠습니다. 감사합니다.
com.ktmusic.geniemusic,지니뮤직 - genie,170,최지혁,https://play-lh.googleusercontent.com/a/ACg8ocKiHwxdvQEgM6zuvDPhivPvk2PWtyXEf4GCjXUEYw9JqSVF1w=s32-rw-mo,2026-02-06,1,...매월자동결제사용했는데 한달치의 하루밀렸다고 다른결제수단 등록하라고 닥달하는 모습에 스트리밍 3위라는게 실감나고요 현대 블루링크 때문에 귀찮아서 쓸까말까고민하다 유튭 뮤직포기했는데 지니뮤직 행태에 그냥 이탈하려합니다. 이걸 보든안보든 관계없지마는 탈퇴하겠으니 나머진 뒤지든말든알아서하세요,3,True,(주)케이티지니뮤직,2026-02-23,안녕하세요. 지니뮤직입니다. 먼저 이용에 불편을 드린 점 죄송합니다. 남겨주신 의견은 담당 부서로 전달하여 개선될 수 있도록 노력하겠습니다. 감사합니다.
com.ktmusic.geniemusic,지니뮤직 - genie,171,성진,https://play-lh.googleusercontent.com/a/ACg8ocJX1sIEv0FerZ3zcs5cMXlRp8CZwzC1yeLcwlULrmVjHDZ8GQ=s32-rw-mo,2026-02-05,1,"대부분의 차트에서 한두 달이 지나도 동일한 곡들이 지속적으로 노출되고 있으며, 집계 방식에 대한 의문이 제기될 정도로 그 정도가 지나치다고 판단됩니다. 타사의 경우 Top 200, 실시간, 일간 등 어떤 차트에서든 미미하게라도 변화가 나타나지만, 본 차트에서는 이러한 변화를 찾아볼 수 없으며 일주일, 이주일, 한 달, 두 달 그 이상이 되어도 곡의 변동이 거의 없습니다. 추가로 현재 재생 중인 곡에 다른 곡을 추가하여 들으려 할 때, 별도의 차트로 구성되어 있어 기존 재생 목록에서 이어서 듣기 어려운 점 등 여러 불편 사항이 발생하고 있습니다. 이 부분에 대한 개선이 필요하며, 현재는 들을 곡이 없어 다른 서비스를 이용하게 됩니다. 통신사 제휴로 무료로 이용한다고 할지라도, 현재 서비스는 사용하기 부적절하며 유료 결제는 더욱 고려하기 어렵습니다. Mnet 시절부터 이용하다가 합병되어 지니뮤직으로 계속 사용하고 있었으나, 현재 상황은 매우 실망스럽습니다.",42,True,(주)케이티지니뮤직,2026-02-23,안녕하세요. 지니뮤직입니다. 먼저 이용에 불편을 드린 점 죄송합니다. 남겨주신 의견은 담당 부서로 전달하여 개선될 수 있도록 노력하겠습니다. 감사합니다.
com.ktmusic.geniemusic,지니뮤직 - genie,172,최승호,https://play-lh.googleusercontent.com/a/ACg8ocI8hy1GDclTNCkt4v9O5kXn_rTUU6v_CZYkLxmZXt-_sHFk3cE=s32-rw-mo,2026-02-03,1,"통신사 때문에 쓰기는 하는데, 지금까지 사용했던 음악 앱 중에서 리스트 관리가 가장 불편함.",2,True,(주)케이티지니뮤직,2026-02-23,안녕하세요. 지니뮤직입니다. 먼저 이용에 불편을 드린 점 죄송합니다. 남겨주신 의견은 담당 부서로 전달하여 개선될 수 있도록 노력하겠습니다. 감사합니다.
com.ktmusic.geniemusic,지니뮤직 - genie,173,lupi,https://play-lh.googleusercontent.com/a-/ALV-UjVvvV-AhS5ijlJB8867g1cMnElZr7CJqIeaSqiduiB-hSjKu7Y=s32-rw,2026-02-03,1,편집 ㅈㄱㄴ 한개 선택 했는데 한개 제외하고 300곡 다 삭제 됐다 탈퇴한다 유튜브뮤직 넘어간다 수고해라,2,True,(주)케이티지니뮤직,2026-02-23,"안녕하세요. 지니뮤직입니다. 먼저 이용 중 불편을 드려 죄송합니다. 다만, 남겨주신 리뷰만으로는 증상 파악이 어려워 정확한 답변을 드리기 어렵습니다. 번거로우시겠지만 지니뮤직 고객센터 [1:1문의] 게시판을 통해 상세 문의 내용을 기재하여 재문의 주시면 확인 후 알맞은 조치를 안내해 드리도록 하겠습니다. ※ 전체메뉴 > [고객센터] > [문의하기] > [1:1문의] 감사합니다."
com.ktmusic.geniemusic,지니뮤직 - genie,174,이주혁,https://play-lh.googleusercontent.com/a/ACg8ocJ08f8Vej9dVj1qtcWZZdhb-0S1EJG2SvSMLdjRNA5Bq5OjYA=s32-rw-mo,2026-02-02,1,아니 도중에 자동재생 되버려요;;,1,True,(주)케이티지니뮤직,2026-02-23,"안녕하세요. 지니뮤직입니다. 먼저 이용 중 불편을 드려 죄송합니다. 다만, 남겨주신 리뷰만으로는 증상 파악이 어려워 정확한 답변을 드리기 어렵습니다. 번거로우시겠지만 지니뮤직 고객센터 [1:1문의] 게시판을 통해 상세 문의 내용을 기재하여 재문의 주시면 확인 후 알맞은 조치를 안내해 드리도록 하겠습니다. ※ 전체메뉴 > [고객센터] > [문의하기] > [1:1문의] 감사합니다."
com.ktmusic.geniemusic,지니뮤직 - genie,175,강원준,https://play-lh.googleusercontent.com/a/ACg8ocIN7jPFk8o3paVaI2iusVA2SfoQ-hP8ICBCWzRvnmFf54LfWw=s32-rw-mo,2026-01-29,2,"제외 가수 및 제외 곡 가능케 해주세요. 나는 추천 리스트에 남자 아이돌 목소리 듣기 싫어요 그리고 잠금화면에서 스와이프 하면 자동으로 다음곡 재생되게 해주시고요. vibe쓰다 왔는데, 너무 ui가 별로네요",0,False,,,
com.ktmusic.geniemusic,지니뮤직 - genie,176,윤지유,https://play-lh.googleusercontent.com/a-/ALV-UjWJqT5qE-iEValVJwnd33feDrS6KlD2bp8TamLLnFauopUngDu6GA=s32-rw,2026-01-28,3,노래를 틀고 다른 앱을 실행하면 노래가 나오다가 끊김ㅠ,0,False,,,
com.ktmusic.geniemusic,지니뮤직 - genie,177,장현명,https://play-lh.googleusercontent.com/a/ACg8ocKPofB7zmdfHaCwX1ViPYXvcEeHNHkLkPU67qwKV6Nwd-rf0w=s32-rw-mo,2026-01-24,1,로그인 누르면 앱이 튕김 ㅋㅋ 폰도 새거임 앱문제,0,False,,,
com.ktmusic.geniemusic,지니뮤직 - genie,178,ᄌᄋᄀ,https://play-lh.googleusercontent.com/a/ACg8ocL03bv28XJu3lKrVZMB9BjsHWtfpy4pQxKreRj_x6ZvbUENSpw=s32-rw-mo,2026-01-22,3,흠. ..결제하려고 누르면 부가세가 2천원쯤 더 붙네여,0,False,,,
com.ktmusic.geniemusic,지니뮤직 - genie,179,Yooni Lee,https://play-lh.googleusercontent.com/a-/ALV-UjXeHCTVFA8MJ1-Gi-DdwUpRWV_lvqPCIXI6oJSSCb0ywrxJyKwN=s32-rw,2026-01-22,5,좋아요,0,False,,,
com.ktmusic.geniemusic,지니뮤직 - genie,180,ᄋᄋ,https://play-lh.googleusercontent.com/a/ACg8ocJg2z72xbCfkNd7UvfWUb5qEIhXUiZV9Drf0p9o8fzN4CWoPw=s32-rw-mo,2026-01-22,3,플레이리스트가 사라지는 바람에 로그인하려고 했더니 아예 회원가입부터 해야한다고 나왔어요. 회원가입하는데 이메일 주소를 맞게 썼는데 정확한 이메일을 입력하라고 가입하기 버튼이 아예 안눌리네요.,20,False,,,
com.ktmusic.geniemusic,지니뮤직 - genie,181,"보넥도,박지훈,이준영,이도현,최현욱(정수빈)",https://play-lh.googleusercontent.com/a-/ALV-UjXYESwWeN0wnZWiH24xAAnZ3Y3gR-RNd6HDlHzI3LBwGZmUS1Fy=s32-rw,2026-01-21,4,"만족하고 있습니다! 이 앱은 사용하기 쉽고 계정만 있으면 누구나 하트, 댓글 등을 달 수 있구여! 글구 영상? 그런것도 있어용! 검색하면 대부분 영상은 다 나와여! 하지만 순위로 틀면 조금 느리다는 것이 문제에여..가끔 아직두 노래가 나오는경우가 있어요,,ㅜ 업데이트 자주 부탁드려요오ㅜ 그래서 이점만 고쳐주시묜,, 5점 드릴게요! 그럼 바이바이👋 (별점은 5점만점에 ★★★★☆입니다!)",17,False,,,
com.ktmusic.geniemusic,지니뮤직 - genie,182,ma ha,https://play-lh.googleusercontent.com/a/ACg8ocIRGET2A3ITYxysoarSweCtPWCEKusdKKUAAHLaVYbZvKTvcQ=s32-rw-mo,2026-01-21,1,kt 인터넷 바꾼 뒤 무료 포인트 쓸려고 설치하는앱 관리하는놈도 아는지 편의성이 쓰레기같다 어짜피 시장에서 도태된거 아니까 유기한듯 앱 관리하고 있는놈들도 스포티파이 쓸거다,0,False,,,
com.ktmusic.geniemusic,지니뮤직 - genie,183,핑구리,https://play-lh.googleusercontent.com/a-/ALV-UjXiFHq62lnuv_m1NX2_Rrx78WG_YMWIfvBEQy0iro2v3C300dMe=s32-rw,2026-01-21,1,개 빡돌게 만들어놨네,0,False,,,
com.ktmusic.geniemusic,지니뮤직 - genie,184,김윤아,https://play-lh.googleusercontent.com/a-/ALV-UjXYz7ggmZrBAfspV8IBuNtrSYYSfqtk4fgPgUgGy1THHkQvY7mA=s32-rw,2026-01-20,2,추천선곡을 잘 쓰고 있었는데 AI 큐레이션 태그가 생기면서 똑같은 곡들만 있고 ai아닌걸 찾기가 너무 힘들어요. ai 필터링 옵션이 생겼으면 합니다.,0,False,,,
com.ktmusic.geniemusic,지니뮤직 - genie,185,Ji Youn Kim,https://play-lh.googleusercontent.com/a/ACg8ocKYim9a6R7gf4fAspP5oHf_GkPaVwrDin-22jst-znHUHxo0Q=s32-rw-mo,2026-01-20,1,앱이 혼자 실행되고 듣고있는 중에 멋대로 멈추거나 다음 곡으로 넘어가고... 통화중인데 통화가 끊기고 앱이 실행되고.. 난리네요. 오늘 아침에 깔고 서비스이용권 끊었는데.. 앱을 지워야 할것 같네요.. 이 무슨 앱이 이모양이죠?,1,False,,,
com.ktmusic.geniemusic,지니뮤직 - genie,186,이현정,https://play-lh.googleusercontent.com/a/ACg8ocIz06inWLeP5suU2nS328SZJ0xwVmPku68YHLP_G34ECDsOBQ=s32-rw-mo,2026-01-20,4,잘쓰고있어용.. 근데 노래들을때 가사가 굵음체와 얇은체가 섞여서나와요 지금가사만 굵게되면 가독성이좋을텐데 글씨체다른게섞여있으니 보기불편하네요 잘쓰고있는데 개선됐으면좋겠습니다,1,False,,,
com.ktmusic.geniemusic,지니뮤직 - genie,187,장동수,https://play-lh.googleusercontent.com/a/ACg8ocL_gDCyehlnLCv95M3xHOzVBDJqDluYgg0zM0XPHor7ym5duQ=s32-rw-mo,2026-01-17,5,심심풀이로 듣기좋은노래를 들어서 좋습니다,1,True,(주)케이티지니뮤직,2026-01-20,안녕하세요. 지니뮤직입니다. 소중한 의견 감사합니다. 남겨주신 의견을 바탕으로 보다 나은 서비스를 제공하기 위해 노력하겠습니다. 감사합니다!
com.ktmusic.geniemusic,지니뮤직 - genie,188,곽해성,https://play-lh.googleusercontent.com/a/ACg8ocIIRZZsA15hKKfjPJBbZGCWzjD84XSfJCRnnTHHf7EtGr3eHA=s32-rw-mo,2026-01-17,5,폴더 생성 나 지금 집에 가고 있어 🎶,0,True,(주)케이티지니뮤직,2026-01-20,안녕하세요. 지니뮤직입니다. 소중한 의견 감사합니다. 남겨주신 의견을 바탕으로 보다 나은 서비스를 제공하기 위해 노력하겠습니다. 감사합니다!
com.ktmusic.geniemusic,지니뮤직 - genie,189,이중권,https://play-lh.googleusercontent.com/a-/ALV-UjV-_s1wTJd06VqVJ8wxlluhvuvU9YcfUY6Jc3KqoWfsPHw5exYA=s32-rw,2026-01-17,2,"휴대폰 요금제 부가서비스로 지니뮤직 몇 년째 이용했는데 이제 해지합니다. 없는 음악이 너무 많았습니다.(가장 큰 이유) 이건 진짜 궁금증에 여쭤봅니다 지니측에서 음악을 올리실때는 앨범이 공식적으로 나온 것들만 들을 수 있는건지 기준이 따로 있나요? 저작권 같은 문제가 있어서? 유튜브 프리미엄, 스포티파이, 멜론뮤직에는 다 있다는데 항상 지니에만 없는 음악들 참 많았습니다. 그래도 오랜 기간 썼던 어플이니 2개 드려요..",21,True,(주)케이티지니뮤직,2026-01-20,안녕하세요. 지니뮤직입니다. 먼저 이용에 불편을 드린 점 죄송합니다. 남겨주신 의견은 담당 부서로 전달하여 개선될 수 있도록 노력하겠습니다. 감사합니다.
com.ktmusic.geniemusic,지니뮤직 - genie,190,찢재명,https://play-lh.googleusercontent.com/a/ACg8ocJ7kegiTUYpzWu4OkJYmYBksxGpFAs5KPa44ZdxzJ0YWclpXg=s32-rw-mo,2026-01-15,2,플리에서 노래를 틀면 왜 한곡만 나올까요? 셔플을 키면 노래가 뛰엄뛰엄 나오는데 방법이없나요?,0,True,(주)케이티지니뮤직,2026-01-20,안녕하세요. 지니뮤직입니다. 남겨주신 리뷰 내용 토대로 확인 시 [1곡 반복] 설정이 되어있는 것으로 예상됩니다. 플레이어 화면 좌측 하단 동그라미 교차 화살표 메뉴 가운데 '1'이 표기가 되어 있다면 1곡 반복이 설정되어 있는 것으로 재선택 시 1곡 반복 모드를 해제할 수 있습니다. 감사합니다.
com.ktmusic.geniemusic,지니뮤직 - genie,191,김민준,https://play-lh.googleusercontent.com/a-/ALV-UjU13GBrbAm-c-7XeP2mbi6onT7ipYYaCL8W1DKcnqr9qOy_r7mH=s32-rw,2026-01-14,5,좋늠,0,True,(주)케이티지니뮤직,2026-01-20,안녕하세요. 지니뮤직입니다. 소중한 의견 감사합니다. 남겨주신 의견을 바탕으로 보다 나은 서비스를 제공하기 위해 노력하겠습니다. 감사합니다!
com.ktmusic.geniemusic,지니뮤직 - genie,192,박One,https://play-lh.googleusercontent.com/a/ACg8ocIA1eLW5GHyW7ZrK9spDI-cL3TmLCQVf5Gd5CPOTFApTF8taQ=s32-rw-mo,2026-01-12,1,할 말은 많은데 안할게요 안쓰면되니까,0,True,(주)케이티지니뮤직,2026-01-20,안녕하세요. 지니뮤직입니다. 먼저 이용에 불편을 드린 점 죄송합니다. 이용중 불편 또는 개선사항이 있으시다면 의견 부탁드립니다. 감사합니다.
com.ktmusic.geniemusic,지니뮤직 - genie,193,지구장군이,https://play-lh.googleusercontent.com/a-/ALV-UjWgLpSWZv-ABJ-a_fO04aZo6xCxuzUWUe5U7YYzhgHqWelmq_TX2w=s32-rw,2026-01-07,4,폴더 A.B가 있으면 A듣다가 B를 듣고 다시 A를 들으면 이어서 나왔으면 합니다 A를 처음부터 시작하니 들었던 처음을 다시 들어야되서 불편합니다 수정부탁드립니다,0,True,(주)케이티지니뮤직,2026-01-08,안녕하세요. 지니뮤직입니다. 먼저 이용에 불편을 드린 점 죄송합니다. 남겨주신 의견은 담당 부서로 전달하여 개선될 수 있도록 노력하겠습니다. 감사합니다.
com.ktmusic.geniemusic,지니뮤직 - genie,194,김시현,https://play-lh.googleusercontent.com/a/ACg8ocK0VPCeim5Di96HaQhfpyiOVXPTwbODZzyACRFBimsuNzT8Zg=s32-rw-mo,2026-01-07,1,콘서트홀 왜사라짐,0,True,(주)케이티지니뮤직,2026-01-08,안녕하세요. 지니뮤직입니다. 먼저 이용에 불편을 드린 점 죄송합니다. 남겨주신 의견은 담당 부서로 전달하여 개선될 수 있도록 노력하겠습니다. 감사합니다.
com.ktmusic.geniemusic,지니뮤직 - genie,195,toll ut,https://play-lh.googleusercontent.com/a-/ALV-UjWewmTXDCMPXeFNfEZ1vIOUoQlU7yidUPs0shfVa3SraC9icGw=s32-rw,2026-01-07,5,타 앱에서 넘어왔는데 만족하면서 사용하고 있습니다. 그런데 지니 잠금화면에서 시계 디자인 변경 기능은 제공하지 않고 있나요? 앨범 커버에 따라 유동적으로 변하는 잠금화면이 꽤 장점이라 생각하는데 시계 디자인 변경이 가능하면 좋겠습니다,85,True,(주)케이티지니뮤직,2026-01-08,안녕하세요. 지니뮤직입니다. 먼저 이용에 불편을 드린 점 죄송합니다. 남겨주신 의견은 담당 부서로 전달하여 개선될 수 있도록 노력하겠습니다. 감사합니다.
com.ktmusic.geniemusic,지니뮤직 - genie,196,류제아,https://play-lh.googleusercontent.com/a-/ALV-UjXvMRZCMGOpYfum0O2CDLEXYPyv6epbPU_4xixDa8wHXsjm7B0=s32-rw,2026-01-06,1,"통신사 요금제 제휴로 몇년간 사용하고, 요금제 변경 후에는 월정액 끊어서 사용했었는데.. 그날그날 꽂히는 한곡만 반복재생 하는 편이라 낭빈가 싶어 월정액 해지하고, 음원 듣는 뮤직 플레이어로 사용중인데 한번 킬 때마다 정액권 판매 팝업 두개씩 떠서 어플 바꿀까 너무 고민되네요.. 한두번이면 상관 없는데 쩝.. 여태 들은것들 재생횟수 남는거 신기하고 재밌어서 기록 남기는 맛으로 계속 썼는데 점점 껄끄러워져요",7,True,(주)케이티지니뮤직,2026-01-08,안녕하세요. 지니뮤직입니다. 먼저 이용에 불편을 드린 점 죄송합니다. 남겨주신 의견은 담당 부서로 전달하여 개선될 수 있도록 노력하겠습니다. 감사합니다.
com.ktmusic.geniemusic,지니뮤직 - genie,197,임병영,https://play-lh.googleusercontent.com/a/ACg8ocLBGye_tot_Vq5YBtax-Z1RSdc0NCQrLlB8cmCrJFrLoCiDng=s32-rw-mo,2026-01-05,5,너무 좋아 요,0,True,(주)케이티지니뮤직,2026-01-08,안녕하세요. 지니뮤직입니다. 소중한 의견 감사합니다. 남겨주신 의견을 바탕으로 보다 나은 서비스를 제공하기 위해 노력하겠습니다. 감사합니다!
com.ktmusic.geniemusic,지니뮤직 - genie,198,마요,https://play-lh.googleusercontent.com/a-/ALV-UjUt02b1W4DINOFGZ7Vc7FqTLHAkDH6MJk7ddOJcp2CTXYNKa0tP=s32-rw,2026-01-04,3,알람을 빨리 끄면 무시하고 그냥 계속 틀어버림. 소리만 나오고 화면은 닫혀서 끌 수도 없음. 최근 다른앱을 열면 소리가 작아졌다 커졌다함,1,True,(주)케이티지니뮤직,2026-01-08,"안녕하세요. 지니뮤직입니다. 먼저 이용 중 불편을 드려 죄송합니다. 다만, 남겨주신 리뷰만으로는 증상 파악이 어려워 정확한 답변을 드리기 어렵습니다. 번거로우시겠지만 지니뮤직 고객센터 [1:1문의] 게시판을 통해 상세 문의 내용을 기재하여 재문의 주시면 확인 후 알맞은 조치를 안내해 드리도록 하겠습니다. ※ 전체메뉴 > [고객센터] > [문의하기] > [1:1문의] 감사합니다."
com.ktmusic.geniemusic,지니뮤직 - genie,199,yyg k,https://play-lh.googleusercontent.com/a/ACg8ocKrKN9L3DtEk7DhTV_4iv9n6mNmc5jAM7U67VNTOxPIMw79gQ=s32-rw-mo,2026-01-04,3,진짜 flac파일 멜론에 비해서 너무없는게 많음,0,True,(주)케이티지니뮤직,2026-01-08,안녕하세요. 지니뮤직입니다. 먼저 이용에 불편을 드린 점 죄송합니다. 남겨주신 의견은 담당 부서로 전달하여 개선될 수 있도록 노력하겠습니다. 감사합니다.
com.ktmusic.geniemusic,지니뮤직 - genie,200,허혜도,https://play-lh.googleusercontent.com/a/ACg8ocIkyGhgcplXoMN1I1i261CrRewmGvHyuLDUX07QtP65mXb1Tg=s32-rw-mo,2026-01-04,5,혹시 재생목록 음악 전체듣기 순서 무작위로 랜덤 설정같은거 넣어 주실수 없을까요?,1,True,(주)케이티지니뮤직,2026-01-08,"안녕하세요. 지니뮤직입니다. 지니뮤직 APP 플레이어 우측 하단 '셔플 재생' 아이콘(교차된 화살표) 확인을 부탁드립니다. 이 기능을 활성화하시면 순서대로가 아닌 무작위로 재생됩니다. 한 번 더 누르시면 아이콘 해제되며, 다시 순차 재생 모드로 돌아갑니다. 감사합니다."
