app_id,app_name,review_no,reviewer,reviewer_img,review_date,review_rating,review_text,helpful_count,has_reply,reply_developer,reply_date,reply_text
com.iloen.melon,멜론(Melon),1,개냥,https://play-lh.googleusercontent.com/a-/ALV-UjVsYufuDbv9HYZpf2TEBRNEN8QPcuP2qXUTJ0ek5koWGyTZl28=s32-rw,2026-09-21,5,멜론 좋아요.. 근데 지웠다 다시 깔아도 계속 최신버전 다운 받으라고 하네요 ㅡㅡ,0,False,,,
com.iloen.melon,멜론(Melon),2,LG스탠바이미,https://play-lh.googleusercontent.com/a/ACg8ocIyzaNdrnfYSiTgMEHnvwN8s2IS2JghQ1PujORvqVrOlYMJyQ=s32-rw-mo,2026-09-20,1,13000원인 스트리밍 플러스로 결제했는데도 다운로드 하려면 1곡당 770원씩 또 결제해야되네요.,0,False,,,
com.iloen.melon,멜론(Melon),3,요쏘나라,https://play-lh.googleusercontent.com/a/ACg8ocJaf16BUAYbJlwzLiP_7lBy7OWKpKV0hBmUTzvnivSUARTUHA=s32-rw-mo,2026-09-19,5,잘 사용하고 있습니다. 한가지 개선했으면 하는 사항이 있어 이렇게 글을 남겨봅니다. 음악 정렬 항목에 발매년도순 정렬이 있으면 더 좋을것 같습니다. 시간이 걸리더라도 추가된다면 너무 좋을것 같습니다.,0,False,,,
com.iloen.melon,멜론(Melon),4,강동훈,https://play-lh.googleusercontent.com/a/ACg8ocKrAMfrcrhIu-BkqCVa41yL6G6r4KQw901sfQ6FXB_pcgSGQg=s32-rw-mo,2026-09-19,1,스트리밍 라이트 요금제 이벤트하길래 했는데 듣는거 반절은 1분미리듣기만 되고 차라리 1분만되는건 안보이게하거나 재생안되게 해달라고하니까 그건 안된다고하고 권리사 계약에따라 1분만되는게 있다는데 그 대상 항목도 안알려준다 이거 결제할려면 해외노래는 대부분 안된다고 생각하고 한국노래도 2~30%는 안된다고생각으로 결제하세요,1,False,,,
com.iloen.melon,멜론(Melon),5,LOVE DAY,https://play-lh.googleusercontent.com/a-/ALV-UjV0pRIFNOw_tXKh-1vZlxBryyWRvYUGJKJcLrzFcpDvOK38Khn7=s32-rw,2026-09-19,1,"멜론 10년 넘게 쓰고있는데 간만에 업데이트 해보니 무슨 앱 로딩할 때 부터 광고를 쳐넣네요..? 한 3초정도 늦게 켜지는게 어이가 없어서 바로 이전 버전으로 내렸네요, 이 버전 막히면 타 음싸로 갈아타려구요. 진짜 정털리네요",2,False,,,
com.iloen.melon,멜론(Melon),6,뾰로로,https://play-lh.googleusercontent.com/a-/ALV-UjVmAknqn77UBs0Jr3kMZEPUSJgilrXtup6vHWbzqa068bKM_rja=s32-rw,2026-09-18,1,"진짜왠만하면 리뷰안남기는데..이건좀심한것같네요. 스트리밍 라이트 이용권 결제 후 사용 중인데, 듣고 싶은 음원의 절반 이상이 ‘권리사 요청으로 미리듣기만 가능’하다고 나옵니다. 광고가 나오는 건 알고 결제했지만, 이렇게 재생 제한되는 음원이 많은 줄은 몰랐습니다. 일부 음원이 제한될 수 있는 수준이 아니라 정상적인 음악 감상이 어려울 정도로 제한되는 곡이 많아, 결제 당시 예상했던 서비스와 차이가 상당히 큽니다. 이건 진짜 문제가 있다고봅니다.",1,False,,,
com.iloen.melon,멜론(Melon),7,서미혜,https://play-lh.googleusercontent.com/a/ACg8ocLHZINLhIto5S_P8B4znVzBUJhCyNtvR-AazVWklMWq-2R0ZA=s32-rw-mo,2026-09-18,5,내 최애 임영웅 응원스트리밍킹,0,False,,,
com.iloen.melon,멜론(Melon),8,류다윤,https://play-lh.googleusercontent.com/a/ACg8ocJxKKHqkcUmVd322i824QPWnPyzC5ncbLPtfvx8yn5sZ0tSIw=s32-rw-mo,2026-09-18,5,최고의 앱,0,False,,,
com.iloen.melon,멜론(Melon),9,김민석,https://play-lh.googleusercontent.com/a/ACg8ocKo_lbDZ1gpStEf3IzXJf5iF72cJL28NsoSNMh6js-tH-2Rezo=s32-rw-mo,2026-09-18,5,좋습니다. 추억 어린 인디뮤직부터 최신 발라드까지...멜론과 함께 했던 나날들은 벌써 10년이 지났음에도 여전히 좋은 어플입니다.,0,False,,,
com.iloen.melon,멜론(Melon),10,손정혁,https://play-lh.googleusercontent.com/a-/ALV-UjViaRuAg2iJ8dtHMY5gI2Mhqbtpcof9lY_j7koyjH0kCYfV321n=s32-rw,2026-09-17,1,유튜브 뮤직으로 갈아타지 않을 이유가 없다,2,False,,,
com.iloen.melon,멜론(Melon),11,김Ky,https://play-lh.googleusercontent.com/a-/ALV-UjWkCofo7YKFjQN3d7rI0_5MJChrZUrT4q5GalZab-BC_D7iOGPZUA=s32-rw,2026-09-17,1,youtube music is GOAT,1,False,,,
com.iloen.melon,멜론(Melon),12,겸댕,https://play-lh.googleusercontent.com/a-/ALV-UjUWxYH34UaKoZuJTVP9ZMqeR0EzrCpPt0b7DJjpITg_-cUuh5Lk=s32-rw,2026-09-16,5,갤럭시 노트9 업데이트 좀 해주세요..,0,False,,,
com.iloen.melon,멜론(Melon),13,김나현,https://play-lh.googleusercontent.com/a/ACg8ocJKzr3SnCZAs55l7mCNNv21jQ4Anon5k0RsDCGI2P8L-isMbg=s32-rw-mo,2026-09-15,3,"노래가 끝까지 안해요,",0,False,,,
com.iloen.melon,멜론(Melon),14,진주,https://play-lh.googleusercontent.com/a-/ALV-UjWkB9tDnKCOp_iGcmAPFu6V9L55js8hqPKM8blShTe0IPJ6Mw=s32-rw,2026-09-15,1,라이트형 1분미리듣기 왜 크게 안적어두나요?? 6개월 무료고 뭐고 바로 해지했고 한달 낸 요금 끝나면 탈퇴합니다 ㅅㄱ요,1,False,,,
com.iloen.melon,멜론(Melon),15,응자라,https://play-lh.googleusercontent.com/a-/ALV-UjUhqJIEawivOca1uKAaM4jRRijCO-TLQNWEZJshD8XbmiRcM_g=s32-rw,2026-09-14,1,최근에 시작화면에 2~3초 광고 생긴거 혐오스럽네요 무료앱도 아닌데,0,False,,,
com.iloen.melon,멜론(Melon),16,오승연,https://play-lh.googleusercontent.com/a-/ALV-UjXxuzzjyOFhHWJTyvEk69hWgtpUq7jOLPnC5DjEOmQk6Rj57SHtvg=s32-rw,2026-09-14,1,앱을 삭제했는데 왜 자동결제가 되는 지 이해가 안되네요.,1,False,,,
com.iloen.melon,멜론(Melon),17,박지희,https://play-lh.googleusercontent.com/a/ACg8ocIDtraIZPEIM9jhCRxwR6jQK7H9k_0tiYDcjOiPCg4UydRYqUo=s32-rw-mo,2026-09-13,1,버퍼링 심하게 걸림,0,False,,,
com.iloen.melon,멜론(Melon),18,윤여원,https://play-lh.googleusercontent.com/a-/ALV-UjXUuMP_T58b4TUuDo2NoYI-BJ6CCFmsrZVLHc4OFccTEUO3ZwjM=s32-rw,2026-09-13,1,쓰레기앱 이딴걸 만들었냐,0,False,,,
com.iloen.melon,멜론(Melon),19,조화성,https://play-lh.googleusercontent.com/a/ACg8ocI-BaWbx4jpxg0hDUSBTrLt9L9L0Q6sVNz3RhfJey2pjez7Gw=s32-rw-mo,2026-09-13,1,연예인 분들은 평생 내 얼굴 못보고 살거다 그리고 앞으로 3개월 남았다 3개월 안으로 싹다 마무리 지어라 3개월 동안 생각할시간 준거다 인연이고 운명이고 사랑이고 미련이고 추억이고 싹다 땅속에다 묻었다 이제는 아무것도 없다 이제부터 연예인 분들과 노래 제목처럼 영영남남이 돼버린 것이다 서로 모르는 사이로 되버린 것이다 이제부터 각자의 길을 간거시다 3개월 안으로 휴대폰 유심에다 깐거 3개월 안으로 휴대폰도 마무리 지어라 그리고 다음생에 있다면 두번다시는 만나지 말자 3개월 안으로 질기기도 질긴 악연 3개월 안으로 마무리 하는거다 이글이 마지막 인사가 될거다 잘지내길 바래 행복하길 바래 건강하길 바래 이런 말들은 이제는 없다 - 안녕 - 👋👋 ..,3,False,,,
com.iloen.melon,멜론(Melon),20,토롱 (토롱),https://play-lh.googleusercontent.com/a/ACg8ocLU_mX_7QISNjL2xJdYnuOnxsT52-lcqTvBVE5eGPQvmzQ21w=s32-rw-mo,2026-09-13,1,송소희 여우비 + 최민수 의미없는 시간 이 2곡 원래 가수 (듣기 거북한 커버링 한것 말구요) 목소리의 음원 추가 해주시면 별점 5개 드림,1,False,,,
com.iloen.melon,멜론(Melon),21,1월의오늘,https://play-lh.googleusercontent.com/a-/ALV-UjWaKDydm0aeWFaYTR_v2wXPhIwGwMwrbB-HTrbP4exdLFvarSKj=s32-rw,2026-09-13,1,가격 싼건 광고 나오기 시작하고 ㅡㅡ 미친건지.. 그리고 이번에 나온 최신곡도 그렇고 옛날 곡도 그렇고 죄다 권리사요청으로 1분 듣기만 되는게 너무 너무 많음. 제대로 들을 수 있는 게 없음. 성질나서 스포티파이로 옮겼음. 음질도 스포티파이가 훨 낫네. 내가 15년을 넘게 멜론 충성고객인데 진짜 해도해도 너무해서 이제 손절함.,2,False,,,
com.iloen.melon,멜론(Melon),22,성이름,https://play-lh.googleusercontent.com/a-/ALV-UjXXEpmZg9ufNScDgbWAovVGWIfJUF19fRax0kMIY3iyYDePjL4=s32-rw,2026-09-13,1,셔플재생 개선 좀 해달라고 해도 말 뒤지게 안 처듣네,0,False,,,
com.iloen.melon,멜론(Melon),23,주사랑술사랑,https://play-lh.googleusercontent.com/a/ACg8ocLpDsMuF8JWFwoDVg9Wntet0DL91V9x6Xd2HKF8pRFi4f1TEA=s32-rw-mo,2026-09-13,1,할인 이벤트좀 정상으로 보여주세요 들어가면 말이다르네요 그리고 사용도 안되는 캐쉬는.몬지요 어떻게 갈수록 맞는 이용권도 구매도 힘들어지니 본인인증 연동 이요,1,False,,,
com.iloen.melon,멜론(Melon),24,연,https://play-lh.googleusercontent.com/a-/ALV-UjWm6L4lqPNHV35fV3XilT3wjP583LXvpt2vFtTuSoUk-X_3c54=s32-rw,2026-09-12,1,제발 댓글 신고 기능 말고 차단 기능도 좀 넣어줬으면.... 쓰레기 같은 댓글 신고하는 것도 지친다.... 멜론 떠난 이유 중 하나임 스밍 때문에 돌아오긴 했는데.. 댓글 분탕이 너무 많아,0,False,,,
com.iloen.melon,멜론(Melon),25,김지선,https://play-lh.googleusercontent.com/a/ACg8ocITnnObKHL6pylxpaGSOd_9HDCHvHEXBdYfeg3ExYA4kk0D7A=s32-rw-mo,2026-09-12,1,아티스트 노래앨범에 들어가면 채팅창있잖아요. 채팅창을 없애주시면 감사하겠습니다. 아티스트 악플이 도가 넘어서요 댓글자체 읽는게 불편해요. 아님 댓글신고누를때 바로 계정 차단이라던지 그 기능이 생겼으면 좋겠어요. (밑에 다른분들 글 읽어보니 멜론앱에 대한 개선이 잘 안되는것 같아요.),0,False,,,
com.iloen.melon,멜론(Melon),26,박상현,https://play-lh.googleusercontent.com/a-/ALV-UjU7XbOxndZroTnAzqdOg3NOnymDDmTuog-wceAKng0F5dU_DRg=s32-rw,2026-09-12,1,라이트 이용권 권리사 요청으로 못듣는 노래가 80%여서 괜히 결제했다 싶음,0,False,,,
com.iloen.melon,멜론(Melon),27,Jdr Fh,https://play-lh.googleusercontent.com/a/ACg8ocKWh0gMnt1JRrmxAhAY8adYC2_9NzLGI_CYpZB625mx6EUaMw=s32-rw-mo,2026-09-11,4,좋음ㅋ,0,False,,,
com.iloen.melon,멜론(Melon),28,HP LM,https://play-lh.googleusercontent.com/a-/ALV-UjXfyhK7QeP7nqa8LQvv6mhEFj-uHUTXyzCpropUOJR7Jy3eElgH=s32-rw,2026-09-11,1,"플레이리스트 다 어디가고, 검색아도 이상하게 됐음 왜 선택해서 지울 수도 없는지",0,False,,,
com.iloen.melon,멜론(Melon),29,Q Kim,https://play-lh.googleusercontent.com/a/ACg8ocI0cRm9cqGvjGuo_WO47l0msPpl6GtakuH9uxFtzOFJFnSYWA=s32-rw-mo,2026-09-10,2,해지버튼 진짜 꼭꼭 숨겨놨네요 대단하다...,0,False,,,
com.iloen.melon,멜론(Melon),30,이기훈,https://play-lh.googleusercontent.com/a-/ALV-UjVvWttKf3DpkxvRXEJIGRMdR8KvPZZh1U_h9Kzm_AvvlZ5Y258=s32-rw,2026-09-10,5,리센느 덕에 살면서 처음으로 노래앱 다운도 받고 결제도 했네요 차트에서 떨어지면 삭제해야지,0,False,,,
com.iloen.melon,멜론(Melon),31,이재원,https://play-lh.googleusercontent.com/a/ACg8ocJ2tso6DkitR6wvZ_xosAESEjXUp9UaC-Sbv5BXJS55087IBQ=s32-rw-mo,2026-09-09,1,어플 관리 안하시나요? 갈아탔네요 5년간 나아진게 없는 어플.....환불좀 해주세요,0,False,,,
com.iloen.melon,멜론(Melon),32,조명희,https://play-lh.googleusercontent.com/a/ACg8ocJElfNApSH9dlEenI5PMJcMlDLLaipltiqGevvK7IIHFT0wXg=s32-rw-mo,2026-09-08,1,설치 삭제 후 이용하지않는데 요금 해제가 안되어 불편합니다,0,False,,,
com.iloen.melon,멜론(Melon),33,한현진,https://play-lh.googleusercontent.com/a-/ALV-UjVh6eIgP3UVbTPArPjJmhjyPd5fdZik1aoEDhiD7oFDOOIidxIB=s32-rw,2026-09-07,1,망할려고 환장했나 1분미리듣기 이런거있는줄알았으면 더 좋은걸로 결제했지 뭣도모르고 결제했더니 1분미리듣기가나오네... 일부러 두번결제하게만들려고 그런건가?? 나도 안녕이다 !!잘있어라 다른데로간다,3,False,,,
com.iloen.melon,멜론(Melon),34,김혜빈,https://play-lh.googleusercontent.com/a/ACg8ocLgy9x6NjBXyO15FAo1VYp-Zgp3NayUUZ9WhwgZ8n6iGqJ1eQ=s32-rw-mo,2026-09-06,1,왜 에어팟 끼면 자동으로 음악이 나오나요 틀지도 않았는데 그리고 심지어 잘꺼지도 않아요 없애겠습니다,0,False,,,
com.iloen.melon,멜론(Melon),35,요야,https://play-lh.googleusercontent.com/a-/ALV-UjX1SiKuBgVveCdF5Q5WYdTkwA7PQWH8EUPuIzuOoCbX1SQ_3E4=s32-rw,2026-09-05,1,돈주고 광고에 1분은 좀...,1,False,,,
com.iloen.melon,멜론(Melon),36,강해린,https://play-lh.googleusercontent.com/a/ACg8ocL-eVjH8V5_278TNRC1Z1mOCcDoV4T7T_MHyMNkvlsZglbgjQ=s32-rw-mo,2026-09-05,1,제가 열심하 만든 플리가 갑자기 초기화 됐어요. 200곡 넘게 들어있었는데 갑자게 오늘 들으려니까 0곡이 됐어요. 인터넷에 재로그인 또는 깔아보라고 해서 해봤는데 돌아오지 않았어요.,1,False,,,
com.iloen.melon,멜론(Melon),37,dudsks,https://play-lh.googleusercontent.com/a/ACg8ocIomQUVA5CnEODClFEA5DLKaJjHRQOdfvkUpcZJDpeireTKCA=s32-rw-mo,2026-09-05,3,결제했는데 1분듣기밖에 안되는게 너무 많아요. 계속 안쓸것같아요,1,False,,,
com.iloen.melon,멜론(Melon),38,Eunjeong Kim,https://play-lh.googleusercontent.com/a-/ALV-UjVl5zQgr4pdiqVqbw_xcLZgCG2YR1xpF35GJYk2CyKHq0wyVpLVNg=s32-rw,2026-09-05,1,"앱스토어에서 가장 최근 버전을 깔았는데, 자꾸 최신버전 설치해서 들으라고 하며 재생이 안 됩니다....",0,False,,,
com.iloen.melon,멜론(Melon),39,김아름,https://play-lh.googleusercontent.com/a/ACg8ocJhYIFVYhd-jtHuadVyCNn-86Fiq7tfz2QoYi6heEY_OJEtvw=s32-rw-mo,2026-09-04,1,이용권을구매했는데왜미리듣기1분밖에안되나요??,0,False,,,
com.iloen.melon,멜론(Melon),40,류지유,https://play-lh.googleusercontent.com/a/ACg8ocL63h3ujSsiCfOPBifb64829CkiO2coAxIezHnlnf1Ea1OPEg=s32-rw-mo,2026-09-04,4,좋아요! 근데 찾을려니 없는 노래 꽤 많음 마이너한 취향이면 비추,0,False,,,
com.iloen.melon,멜론(Melon),41,weUL IO,https://play-lh.googleusercontent.com/a/ACg8ocJiUynbent_bzbzKYDaHbDRifVYxneUMSSnoVxpoNi3zP9dqw=s32-rw-mo,2026-09-04,3,"There are so many haters who leave malicious comments on each artist's fan talk. Melon did not often delete derogatory, seemingly complimentary, derogatory comments written by a hater about the artist. Every app has haters, but on the Melon app, toxic haters are active many years. Even if Melon suspends the account of the bad commenter, it does not distinguish it by email or phone number, so the bad commenter rejoins and repeats. M is suspicious to help shareholders artists in its chart.",1,False,,,
com.iloen.melon,멜론(Melon),42,하성인 (킬히아시스),https://play-lh.googleusercontent.com/a-/ALV-UjUG4xQtQouczE6wow4mDA5JeaU7FA9wJfn5iGXMn8jfj6J8yNVr=s32-rw,2026-09-04,1,그냥 앱지우고 안하는게 답,1,False,,,
com.iloen.melon,멜론(Melon),43,드미,https://play-lh.googleusercontent.com/a-/ALV-UjX6JNSrwpx5AZQsI8txSpDyqw0snNuJOvtyHXfb5OrSFy1vlOre=s32-rw,2026-09-03,1,결제를 해도 못듣는 노래가 있어요 절대 결제하지 마세요,0,False,,,
com.iloen.melon,멜론(Melon),44,stern cl,https://play-lh.googleusercontent.com/a/ACg8ocJ5y--DKDN2RxvZurA84PJILBzG2AHhAZ699-0Szl6NTRHZ1Q=s32-rw-mo,2026-09-03,1,광고형 이딴걸 만드니깐 영원히 같은 수준으로 사는겁니다,1,False,,,
com.iloen.melon,멜론(Melon),45,YEONSEOK SEO,https://play-lh.googleusercontent.com/a/ACg8ocKW9AsCD0iVM4Zu15e9BhRXKubfSBMguFThUSxahDeMQ6ZpCw=s32-rw-mo,2026-09-03,4,Melon 배호 삼각지 서연석,1,False,,,
com.iloen.melon,멜론(Melon),46,lee jae chul,https://play-lh.googleusercontent.com/a-/ALV-UjWZiGciwrqEssl8YOkc4QwSQj1Cjd7sdrxKFWvjJlRFcx5aiXYr=s32-rw,2026-09-02,5,간단하게 음악듣기 좋음,0,False,,,
com.iloen.melon,멜론(Melon),47,이현준,https://play-lh.googleusercontent.com/a-/ALV-UjXOFZ94mo_h22l0WLzHKUt9Mlg7ZhUl7NfdD_zaGBHwYVMqP1MN=s32-rw,2026-09-02,4,플레이리스트 노래 갯수 늘려주세요,2,False,,,
com.iloen.melon,멜론(Melon),48,Galaxy S21,https://play-lh.googleusercontent.com/a/ACg8ocJ4VaMYpQHinJH_mm_QLnvIXw9TxVjeGWB_z0AeMChzQvub-A=s32-rw-mo,2026-09-02,1,"라이트 요금제 광고 없애고, 권리사 요청 1분 듣기 너무 많다... 탈퇴하던가 해야지..멜론 망했네!!",1,False,,,
com.iloen.melon,멜론(Melon),49,우림,https://play-lh.googleusercontent.com/a/ACg8ocIon23ifl5bENcyoOu7hW1YqAtOUOZ2L4fuhLk-8WMX_Mc6_A=s32-rw-mo,2026-09-02,1,로그인전에는 음악을 1분듣기가 가능한데 로그인하면 최신버전으로 하라네요 ㅠ,1,False,,,
com.iloen.melon,멜론(Melon),50,루팡,https://play-lh.googleusercontent.com/a/ACg8ocI_Et4oRN9YKH2JvVvmgciPe2vHxs6WpxYtZlv7ReYu1Q7jA-Q=s32-rw-mo,2026-09-02,1,싼건다이유가있구나 요금제 4900원에 덥썩 결제한 내가바보지 이건 4900원에 1분미리듣기임 내 노래목록 다 1분듣기임 개빡침 한달쓰고 멜론탈퇴임,1,False,,,
com.iloen.melon,멜론(Melon),51,아리랑박명규,https://play-lh.googleusercontent.com/a-/ALV-UjUmI6gCySFCily5h1TPzUE6YHhEMsBJTeUiATpI4To7B0VcwowrPg=s32-rw,2026-09-01,1,개별곡 다운로드 불가,0,False,,,
com.iloen.melon,멜론(Melon),52,장기준,https://play-lh.googleusercontent.com/a/ACg8ocK8vzj8BQieWAmp5AqE0EbwlxbrYQF5utjTYN30aulDRCFHCw=s32-rw-mo,2026-09-01,4,상단 플레이바에 좋아요 좀 해주세요...ㅠ 잠금 화면일때 좋아요 하려면 무조건 잠금해제 하고 해야되요.... 음감에 너무 치명적,0,False,,,
com.iloen.melon,멜론(Melon),53,이제건,https://play-lh.googleusercontent.com/a/ACg8ocIeLDtAVSJ8UqW67cILRgu_vMGXDUxCW0c2io5ZHgI3PLsoRQ=s32-rw-mo,2026-08-31,1,플로듣다가 멜론 오니까 귀 썩을뻔 한 번 결제하면 5개월 무료 절대 하지마세요 좀 더 내고 플로로 ㄱㄱ,0,False,,,
com.iloen.melon,멜론(Melon),54,Changhee Park,https://play-lh.googleusercontent.com/a-/ALV-UjV2MisxfOxiOeXIcUD41lqpeWp48P8lbJKCDJ_1P8ZqFoTXQlpU_Q=s32-rw,2026-08-31,5,좋아요에 추가한 곡이 1000곡이 넘습니다. 좋아요 전체 목록을 재생해 듣는 걸 좋아하는데 전체재생을 누르면 1000곡만 추가되어 나머지 곡은 재생목록에 추가되지 않아 아쉽습니다. 좋아요 전체재생 곡수를 늘려주세요.,4,False,,,
com.iloen.melon,멜론(Melon),55,Woori Nam,https://play-lh.googleusercontent.com/a/ACg8ocIwrJjseN-fsytdiNLn3NCOovj0r_N1L3a_In5bNYhwzPu8qw=s32-rw-mo,2026-08-31,1,업데이트 한 후로 음악 재생이 안 돼요. 플레이 누르면 자꾸 최신 버전으로 업데이트 하라고 팝업이 뜨고 어플이 꺼집니다. 어플 삭제했다 다시 깔아도 마찬가지네요.. 수정해주세요,0,False,,,
com.iloen.melon,멜론(Melon),56,BYNG,https://play-lh.googleusercontent.com/a/ACg8ocIuOvWX5h6op5L-NjReOAtVTdI1_9kkp8cpUJGnIZnkqo1BerY=s32-rw-mo,2026-08-31,1,멜론 사기꾼x끼들 돈주고도 1분미리듣기해야되는 음악어플? 이게 맞냐? 내가 이제까지 간간히 스트리밍도 썼고 가장 애용했던건 개별곡 다운로드해서 소장하는거였는데 너네 그지같은 사기짓거리 때문에 이제 멜론이랑은 영원히 안녕이다 십년넘게 이용해온 사람을 이딴식으로 통수를치나? 돈 몇원 더 벌어먹을려고? 진짜 멍청하네 운영을 이딴식으로밖에 못하나? 답답한것들,1,False,,,
com.iloen.melon,멜론(Melon),57,HJ S,https://play-lh.googleusercontent.com/a/ACg8ocLKQrr1LDxvKeVZyi647jVcNGa0fdN08RvI3NhVpEtKSqJGOg=s32-rw-mo,2026-08-31,1,이제 광고를 귀로 듣네요 정 떨어지게 하는데는 능력 있는 것 같습니다 해지합니다,1,False,,,
com.iloen.melon,멜론(Melon),58,현우김,https://play-lh.googleusercontent.com/a/ACg8ocKbFMCR1cKefO1EzLbjgU4_v5ayWkAHSdANqprZPIVVA7jkRA=s32-rw-mo,2026-08-31,1,이상한 요금제 낼거면 설명좀 제대로 박아라 광고는 그렇다 쳐도 못듣는 음악이 이렇게 많으면 뭐하러 쳐낸건데,1,False,,,
com.iloen.melon,멜론(Melon),59,팡야팡야,https://play-lh.googleusercontent.com/a/ACg8ocKF416N7DYcJ44bznqR4d9zIisBtWDDbi7zE1mC5ZoKmKu7tg=s32-rw-mo,2026-08-31,4,요즘 폰꾸 유행인데 멜론위젯은 구식 느낌이에요ㅠ 예쁜 위젯 만들어주세요,0,False,,,
com.iloen.melon,멜론(Melon),60,Vic K,https://play-lh.googleusercontent.com/a-/ALV-UjWQeHT3PZ43rWEma76pC0Dm4y3lOuZpgrtWntVItDVYig3vPVlQ=s32-rw,2026-08-30,1,솔직히 OTT급으로 비싼게 이해가 안감 음악도 만들기 쉬운건 아니지만 영상대비 많이 다르다고 생각하는데 영상엔 노래도 들어가는데 뭐가 이리 비싼지 1도 모르겠음 그리고 라이트라고 해서 가입했는데 설마 광고보는거겠어하긴했지만 역시나 했는데 무슨 노래 거의다 1분씩 밖에 못들음 이게 뭐하는짓인지 장난하는것도 아니고 이럴꺼면 가입하는게 의미가 있냐고요 그냥 들어도 1분인데요 진짜 어이가 없네 원래 적당한 가격이다 싶은 가격이 1분미리듣기인게 얼탱이가 없네,5,False,,,
com.iloen.melon,멜론(Melon),61,하프물범,https://play-lh.googleusercontent.com/a-/ALV-UjXx-tx4VXOIrVzBD_1BJEbpdOND8C1TJsBlFgK76XJ9nUQsK6s=s32-rw,2026-08-30,1,없는 노래가 왜 이렇게 많냐 1점도 아깝네 나가라 좀,1,False,,,
com.iloen.melon,멜론(Melon),62,유누당,https://play-lh.googleusercontent.com/a/ACg8ocIJF0M9p6pnNtk9FbIjSA2xOivi3T1tzXy_i2feTyp4rYrHAQ=s32-rw-mo,2026-08-29,1,님들 싼가격에 속고 결제하지 말아요 곡중 절반이 권리사에의한 허용이 안되서 1분만 듣게되네요 제발 속지마세요;;,3,False,,,
com.iloen.melon,멜론(Melon),63,jellybear x,https://play-lh.googleusercontent.com/a/ACg8ocIIIZqyae4t5I3bQzAghmJxeDsJsS_FonuHPyYroyHcmoQt9w=s32-rw-mo,2026-08-28,1,재생목록에서 순서를 어떻게 바꾸란거임? 곡 체크하고 왼쪽 바3개 눌러서 드래그하려고 해도 안되고 ui 쌉구리네요 진짜,0,False,,,
com.iloen.melon,멜론(Melon),64,현,https://play-lh.googleusercontent.com/a/ACg8ocLSKnWjlc8JKiiYcxSo0ZUejJCo3v38CsIkcOexR7FKTfUrWg=s32-rw-mo,2026-08-28,1,"노래 한곡당 광고한번 ,,,;;;;이것도 모자라 1분 미리듣기만 가능한곡들까지ㅋㅋㅋㅋㅋㅋㅋ에바요",3,False,,,
com.iloen.melon,멜론(Melon),65,rod k,https://play-lh.googleusercontent.com/a-/ALV-UjUe-ogBmp9bGekkE5-lIFoEAMD6J3SEcklrVqxAZZ-QBkzqw1o8qA=s32-rw,2026-08-28,1,노래 플레이가 안되요!!! 계속 앱 제거 후 다시 깔아도 최신 버전으로 업데이트 후 이용하라며 강제 종료됩니다 방법이 없습니까?,0,False,,,
com.iloen.melon,멜론(Melon),66,꿀로에,https://play-lh.googleusercontent.com/a-/ALV-UjXALf6PpcJvTn73wMVWXYDdhWfeO73BjfkvaqgKJg4IYLMvpNlN=s32-rw,2026-08-28,2,"노래 듣는 앱인데 노래듣기가 매우 불편해요. 기계적스트리밍까지는 인정하나 계속 이용하겠냐고 그냥 멋대로 뚝 끊어버리는 버르장머리는 고쳐야 한다고 생각합니다. 커뮤니티도 그래요. 비추벌레들과 악플,신고 관리도 전혀 안되고 있어요. 좋아요만 남기고, 인격모독과 성희롱 등 신고가 많이 접수된 계정은 일정시간 소명할 기회를 주고, 응답없으면 댓글이용 못하게만 막으면 되는거에요. 약관개정해야해서 그런건가요? 이 간단한 것을 왜 안하시는건가요? 그리고 쓸데없는 메뉴 계속 늘리고 그걸 방치하고 반복하다보니까 UI 보기가 더 불편해져요. 바탕화면에 아이콘 정리 하나도 안하고 쓰는 그런 분들이 만드는것이 아닐까 싶을정도로 카테고리 자체도 난해합니다. 주기적으로 유저들에게 피드백 요청해서 성실 답변하면 캐시주는것을 몇 년 시행해서 데이터를 쌓고 그걸로 고쳐나가세요.. 그리고 아티스트 페이지 방문시 감상횟수별로 내림,오름차순처럼 정렬할 수 있게 해주세요. 그래야 새로운것도 쉽게 찾아듣죠..",12,False,,,
com.iloen.melon,멜론(Melon),67,홍나봄,https://play-lh.googleusercontent.com/a-/ALV-UjWsCxQH4hbJffYmzO9eKd6VTgWueqp3eIHzn-pswfL6L85lokI=s32-rw,2026-08-28,1,스트리밍 라이트 5000원 정도 주고 광고 왜 봐야하는지 의문 이럴거면 스포티파이 무료랑 차이점이 없지 않나 심지어 뮤직웨이브도 안되면 왜 산거지 나는,2,False,,,
com.iloen.melon,멜론(Melon),68,ᄋᄋ,https://play-lh.googleusercontent.com/a-/ALV-UjVUHLcI1fSlR_4KxJopKHZOlYYVtllL1kysm5u_EYwLD2WAchXS=s32-rw,2026-08-28,1,1점을 주는것도 아까운 수준 결제해도 광고 들어야해요 다른앱 쓰세요 장점이 하나도 없음,0,False,,,
com.iloen.melon,멜론(Melon),69,유영기,https://play-lh.googleusercontent.com/a-/ALV-UjXZevFZX266KOmUM-D5BU_t9sJNMyqg-l2u4g56EE0hIzngjUHb=s32-rw,2026-08-28,1,광고형이 나왔네? 갈때까지 가는구나..,3,False,,,
com.iloen.melon,멜론(Melon),70,김하늘,https://play-lh.googleusercontent.com/a/ACg8ocKydO78PwR_gLKuViKVYZN_lIYxvYwN755pql_4iIRK1zReIg=s32-rw-mo,2026-08-27,1,라이트 인가?? 들을수있는노래가 거의없는데 다 1분미리듣기만 가능하다고 하면 구독할 이유가 없지않나요?? 진짜 더럽네요,3,False,,,
com.iloen.melon,멜론(Melon),71,승준,https://play-lh.googleusercontent.com/a-/ALV-UjUfFpkA1GZFmv12eyKi41Si_CWdTI89Tj421RCVPUNOroNYmz7M=s32-rw,2026-08-27,5,굿,0,False,,,
com.iloen.melon,멜론(Melon),72,허승현 (Hyeon),https://play-lh.googleusercontent.com/a/ACg8ocJkzGaViEIo5XSXDUsuEvuykGL_uhYZSWnwbBhxQhI-fI_Okhw=s32-rw-mo,2026-08-27,1,"스트리밍 라이트 (광고포함) 절대 결제하지 마세요~ 음악 중간마다 계속 광고나오고 데이터가 약하게 터지는 환경에서 음악 재생 시, 무조건 광고 하나가 다 재생되야 음악이 나오게 세팅되어서 음악 재생이 안됩니다 ㅋㅋ 4900원 버리지 마시고 유튜브 프리미엄 뮤직 가족단위로 결제해서 쓰세요 심지어 해외 음원들은 죄다 권리사 요청으로 1분 미리듣기만 지원되서 들을 곡도 없네요 ㅋㅋㅋ",6,False,,,
com.iloen.melon,멜론(Melon),73,이워리,https://play-lh.googleusercontent.com/a-/ALV-UjUdSn_cMM1NJ6aIiMvsggF5i_ez_Uuxv7o04HK0PARBoKzA4VWH=s32-rw,2026-08-27,1,고일대로 고인 극 내수 플랫폼,0,False,,,
com.iloen.melon,멜론(Melon),74,ᄊᄅᄊᄅ,https://play-lh.googleusercontent.com/a/ACg8ocJRNKEsW0ah4ebAj4tQLcIcqUKLCYmZcNadOa_aHUYiqY-KsA=s32-rw-mo,2026-08-27,5,이야 멜론 오랜만에 들어왔더니 이제는 노래듣기전에 광고도 봐야돼?ㅋㅋㅋ 기가차네 멜론 후달려? 요즘 벌이가 안돼? 광고 왜 쳐 넣는겨? 맞을랴? 죽고싶어?,0,False,,,
com.iloen.melon,멜론(Melon),75,김태형,https://play-lh.googleusercontent.com/a/ACg8ocKu4zg7X7kAgQs-odfPPiKjP_lgQLjilSedhElABXfJrwocmQ=s32-rw-mo,2026-08-27,1,이용권을 스트리밍 클럽쓰다가 만료가 다되어 갈때쯤 카톡으로 광고 있는대신 저렴한 스트리밍 라이트가 니왔다고 해서 바꿨는데 이전에 잘 듣던 노래들도 이곡은 권리사의 요청으로 미리듣기만 가능합니다라고 나오는 노래가 너무 많네요 안녕히계세요~,5,False,,,
com.iloen.melon,멜론(Melon),76,뭐임마,https://play-lh.googleusercontent.com/a/ACg8ocJVYvP5uxmXWsvdHIuNwzawDgtnpYKjF7WBY0bS2INNvVv6DA=s32-rw-mo,2026-08-27,1,뭔 씨 음악 스트리밍에 광고가 있어 제 정신이에요?,2,False,,,
com.iloen.melon,멜론(Melon),77,최댕댕,https://play-lh.googleusercontent.com/a/ACg8ocJbiyTP5Ul9N2dOBoaRmhLX23u0v8AEByo3x25LsHricrur0w=s32-rw-mo,2026-08-27,1,"라이트 요금제 노래 들으려면 광고 무조건 봐야하고 무슨 권리사요청으로 1분 미리듣기만 되는 곡 엄청 많음. 팝, 제이팝, 심지어 케이팝도 그럼 이딴걸 요금제라고 내놓다니 기간 끝나면 다른어플로 갈아탈거임. 진짜 어플 킬때마다 짜증나죽겠음!!",9,False,,,
com.iloen.melon,멜론(Melon),78,김의준,https://play-lh.googleusercontent.com/a/ACg8ocJOCapuRrVg-yuZCLuzgOxD6zvldAzs2k-kdEiFUvTBhSX4It0=s32-rw-mo,2026-08-26,5,진짜 다 좋은데 처음에 들어갈 때 로딩이 너무 오래걸림,0,False,,,
com.iloen.melon,멜론(Melon),79,김정인,https://play-lh.googleusercontent.com/a-/ALV-UjVMLNrsaMCnP-6n3wIKyMy7GYruwPgb24CzGjc1SulJZFvPk1Jb=s32-rw,2026-08-26,1,뭐하나요 내가 좋아한 노래 하나도 못듣는데 돈 처받네 진짜 쓰레기같네 이야 탈퇴하려니 온갖 우회하게 만들어놨네 이렇게까지 살아남고 싶었니 징그럽다 진짜,0,False,,,
com.iloen.melon,멜론(Melon),80,정승훈,https://play-lh.googleusercontent.com/a-/ALV-UjXmLAhQFWW6pwmgaq7Pu0pzPRHLmGaZXrMueFLgyzwoteVeERnK=s32-rw,2026-08-26,3,광고 그만! 평소에는 잘 쓰고 있습니다. 여전히 재생목록에 곡추가는 번거롭긴해요.,0,False,,,
com.iloen.melon,멜론(Melon),81,함은주,https://play-lh.googleusercontent.com/a/ACg8ocJf9HRQIQrQqoCPhoO31MoZByscPpAZYUq60sWFLzXNp6NVXw=s32-rw-mo,2026-08-24,1,광고뭐죠..?,0,False,,,
com.iloen.melon,멜론(Melon),82,지니,https://play-lh.googleusercontent.com/a/ACg8ocKhSvpkfBNFM2yZ5QXZEp2V7n519oLI5adVWVwbPddVAqRbtA=s32-rw-mo,2026-08-24,1,맞춤 추천에 특정가수 안뜨게하는법좀 이미 가수차단은 했음,4,False,,,
com.iloen.melon,멜론(Melon),83,Jonny Myung,https://play-lh.googleusercontent.com/a/ACg8ocJUPHPs-vBM3UO1fIrB_BgS8pxbisJkRw_PEHuE1Z0g0oqPig=s32-rw-mo,2026-08-24,1,"스트리밍 라이트 도대체 누구 머리에서 나온 기획안인가, 홍보 알림톡 굉장히 많이 보내던데 이거 당신들 기획자들 실제로 사용해보고 런칭한거 맞는건가 싶다. 광고는 광고대로 띄우면서 제대로 들을 수 있는 음원이 체감상 5%도 안된다. 대체 이딴 상품을 왜 무제한 듣기라는 허울뿐인 광고로 소비자들 기만하는지 모르겠네. 그 어디에도 어떤 기준으로 어느정도 비율로 음원 재생이 안될거다라는 내용은 제대로 명시도 안해놓고, 저 어딘가에 꼬딱지 만하게 광고나오고 일부 음원이 재생 안될수있다고 기재해놓으면 다인가, 진짜 멜론 이참에 끊고 플로로 정착한다. 진짜 개 정털리는 기획 상품이네.",6,False,,,
com.iloen.melon,멜론(Melon),84,김유진,https://play-lh.googleusercontent.com/a/ACg8ocLmo3oFOBy47NR47R79H9CwPsjJfTE5EWnhvZlK76SKzAsH=s32-rw-mo,2026-08-23,5,조♡김유진 러브 라인,0,False,,,
com.iloen.melon,멜론(Melon),85,ᄒ,https://play-lh.googleusercontent.com/a-/ALV-UjWg3lGpkt6KJuq7eidlTeBSc-5HUePfwBzGatjT1D6uGv-HOEVr=s32-rw,2026-08-23,1,예전부터 멜론 유료를 많이 사용했는데 노래를 듣는 도중 계속 광고가 떠서 유료의 의미가 없어진것 같습니다. 차라리 그냥 유튜브로 듣는게 더 편할것 같네요.,0,False,,,
com.iloen.melon,멜론(Melon),86,조인호,https://play-lh.googleusercontent.com/a/ACg8ocKqyxoyRbVIHkwFhwnKX7wjtanUjkzAAsRIWXi6Ygw2_6PjBg=s32-rw-mo,2026-08-23,1,지웠다깔았는데도 노래재생하니까 최신버전으로 업데이트하라하네 멋잇다 돈만먹고,0,False,,,
com.iloen.melon,멜론(Melon),87,김지훈,https://play-lh.googleusercontent.com/a-/ALV-UjXgbyDXtSptsGT96EDCvTj8is4ImmVoRqgNpZVRY0JEyU-bEDkgTg=s32-rw,2026-08-23,1,앱 UI가 너무 불편해죽겠어요 좀 더 개선해주셨으면 좋겠어요. 그리고 케이팝 명곡 선정 이것도 너무 맞지 않아서 다시 선정해주셨으면 해요.,0,False,,,
com.iloen.melon,멜론(Melon),88,구덜트,https://play-lh.googleusercontent.com/a/ACg8ocJrcnr34yQSQJjocrFA8GkgJWca4ycZB3pmhNtB_adaWUkTzQ=s32-rw-mo,2026-08-23,1,사용법이 너무 어려워서 해지합니다. 도대체 제가 복잡시러워서,0,False,,,
com.iloen.melon,멜론(Melon),89,최민규,https://play-lh.googleusercontent.com/a-/ALV-UjV66pbsXkxPcPtUJfzSoURxnxXmw902_50abEtjXQDvMeC2gMY=s32-rw,2026-08-22,1,음악 검색 리스트 한정 되어 있는데 이전에 검색했던거 밀려서 지워지지않고 확인하게 해주세요. 오늘 보다가 마지막리스트 밀리는 거 보고 놀랐네요. 돈받고 하는 서비스잖아요. 지불 많이 했어요. 제 이전 검색 기록 다 살려 주세요,0,False,,,
com.iloen.melon,멜론(Melon),90,Rohoon Park,https://play-lh.googleusercontent.com/a/ACg8ocKpIvtmTeqMpsX__O9ihDEqXUyooRcMTYmjzzCZEHAEobEY8Q=s32-rw-mo,2026-08-22,4,제네바 스피커에 연결해서 재생시 음이 끊어집니다. 예전에는 안 그랬는데 최근에 이런 현상이 생김. 멜론이 아닌 다른 음원을 연결하면 끊이지 않고 재생되는 것으로 보아 멜론 음원 또는 앱의 문제인것 같음 해결방안 좀 요청합니다. 그리고 미공개된 음원도 좀 들을 수 있으면 좋겠습니다.,6,False,,,
com.iloen.melon,멜론(Melon),91,파인,https://play-lh.googleusercontent.com/a/ACg8ocIRw-JqIglI5JuGds-unnJYN3pDER42s3VuBWYdCSZrQD4Y5Q=s32-rw-mo,2026-08-22,1,듣는 노래마다 권리사의 요청으로 미리듣기만 가능하다고 뜨는데 유료 앱인 이유를 모르겠네요 권리사랑 맞짱을 떠서 이기든가 무료로 전환해라,2,False,,,
com.iloen.melon,멜론(Melon),92,사랑태연,https://play-lh.googleusercontent.com/a-/ALV-UjVMmObT55-HSJfoSblk7CubeCYzHv8M8IVDuUqNq0hf_ZTWFucz=s32-rw,2026-08-22,4,멜론 기능의 노래방 기능 설정하는 게 있었으면 좋겠습니다. 가끔 노래 들으면 집에서 본인이 따라 불러 볼 수 있는 노래방 모드를 설정해줘. 그리고 가수랑 같이 부른 기능도 있었으면 좋겠습니다.,4,False,,,
com.iloen.melon,멜론(Melon),93,anonymous,https://play-lh.googleusercontent.com/a/ACg8ocLcscXgg58qrOj_Me3NlhsbfV1yabLlgNZsKCxzeR-N4ih8Om4=s32-rw-mo,2026-08-22,1,아니 돈 내고 듣는데도 중간에 계속 끊김 ㄹㅇ 왜 이딴식으로 만듦?,1,False,,,
com.iloen.melon,멜론(Melon),94,윤미화,https://play-lh.googleusercontent.com/a/ACg8ocJxFNamJ-JnULUzofblA_Bh88vqv92tCouSRBuDrW4PxJFUBw=s32-rw-mo,2026-08-22,2,해지한 상태인데 멋데로 출금을 하고 이앱은 좀 아닌거 같음!! 처음엔 결제가 됐다고 문자가 왔을때 보이스피싱인줄 어디다가 전화 할지도 모르겠음!! 고객센터도 연락 안되고 아!! 어떻게 해야 멜론에 통화가 가능한가요?,0,False,,,
com.iloen.melon,멜론(Melon),95,life lee long,https://play-lh.googleusercontent.com/a-/ALV-UjXI4uO1aGEw6QVVjbW2nkqm9JEXMYXkR3X6KRNcZ33gELxUIo5T=s32-rw,2026-08-22,1,라이트 듣지 마세요. 권리사 요청으로 1분 듣기가 많아요. 4900원이 아까워요.,1,False,,,
com.iloen.melon,멜론(Melon),96,최민석,https://play-lh.googleusercontent.com/a/ACg8ocIKqAykQst-f7HFNmOa63L85-TteY7RBxmMrEJC621vLmghDw=s32-rw-mo,2026-08-22,1,"멜론 5개월 무료 혜택에 대해서 경고합니다. 저도 5개월 무료라길래 속아서 결제를 당했습니다. 대부분의 해외 곡들은 1분 미리듣기 밖에 안되는데, 이 요금제가 그런건지 멜론이 저작권 계약을 못 땄는지는 모르겠으나, 국내음악만 들을 분이 아니라면 절대 결제하지 마십시오. 그리고 아이폰은 이용권 해지를 웹사이트까지 가서 해야 한다는데, 시스템을 얼마나 엉망으로 만들어놨는지 이해할 수가 없네요. 10년전, 음악 스트리밍시장이 활성화 되지 않았을때 운좋게 사업을 시작한 멜론이 지금 이렇게 나락을 찍고있는데는 이유가 있습니다. 멍청하게 운영을 해서 운좋게 들어온 복을 걷어차버린 거죠.(줘도 못먹음)지금은 너무 괜찮은 스트리밍 앱들이 많으니, 제발 다른앱 써주세요!!",8,False,,,
com.iloen.melon,멜론(Melon),97,강이교,https://play-lh.googleusercontent.com/a-/ALV-UjVQldGQRdLdkt23o7bW0eNwia-h_IycgWEKDnUmqm_yrKjqURE=s32-rw,2026-08-22,2,스트리밍 구독해도 들을수 있는게 많이 없습니다. 돈 아까움,0,False,,,
com.iloen.melon,멜론(Melon),98,박딸기,https://play-lh.googleusercontent.com/a-/ALV-UjXjiDx4aiAfKLdx6G--NVvTwoxMwGWei0qE4Fp5sBq2KbTWo_3k=s32-rw,2026-08-21,1,뭔 최적화를 한다고 음악이 뚝뚝 끊기는데 분노를 참을수가 없음 4개월째이럼,0,False,,,
com.iloen.melon,멜론(Melon),99,FLiCKER,https://play-lh.googleusercontent.com/a-/ALV-UjXJSC4ZU7mBieF0XljkQjxXU0i_wyQ7ZK5zaCY3SakdJnrAjug=s32-rw,2026-08-21,5,아티스트 팬톡에 닉네임 옆에 온도 순위도 있으면 좋겠어요,4,False,,,
com.iloen.melon,멜론(Melon),100,김진석,https://play-lh.googleusercontent.com/a/ACg8ocIYwwI4ApmNpjdsnbnG0f_6SLe5EVDCFjEz_zfRQV3EM0ZSnQ=s32-rw-mo,2026-08-21,1,"1개월 가입하면 2개월 무료라길래 가입했는데, 막상 받아보니 이용권 2개월이 아니라 소멸 예정 캐시로 지급하네요. 현재 이용권이 있어서 중복 구매도 안 되고, 캐시를 쓰려고 해도 제한이 있어서 제대로 사용할 수도 없습니다. 결국 오늘 소멸 예정. 이런 걸 2개월 무료라고 광고하는 게 맞나 싶네요. 혜택인 줄 알고 가입했다가 기분만 나빠졌습니다. 소비자 입장에서 굉장히 불쾌한 프로모션이네요 이정도면 사기 아닌가요? 최악이네요~",5,False,,,
com.iloen.melon,멜론(Melon),101,HYEONKYUNG KIM,https://play-lh.googleusercontent.com/a/ACg8ocIxUCgb8roBOMZAEqlWWqTFrGLpwnIn3ZS3RqIsvfJ0vhW4eg=s32-rw-mo,2026-08-21,1,"광고는 ×를 눌러야 꺼지고, 화면이 꺼져있으면 광고에서 멈춰있음. 광고가 나오다가도 화면이 꺼지면 광고도 멈추고 노래가 더이상 재생이 안됨. 어이가 없음. 스포000처럼 그냥 흘러나오는 광고도 아니고..... 운전하는 사람들은 듣지말라는 소리임.",2,False,,,
com.iloen.melon,멜론(Melon),102,미카자,https://play-lh.googleusercontent.com/a-/ALV-UjXYcpmInaiaqapdRgikgOek-ak4B5aUPoxNiubs0hlnkLGFeMY=s32-rw,2026-08-20,1,지금접속장애있네요,0,False,,,
com.iloen.melon,멜론(Melon),103,김승민,https://play-lh.googleusercontent.com/a/ACg8ocLRbuTxM1qTftX_gyx6EJFh5aaRvxBiqgh0iQ03HbZnDdkddA=s32-rw-mo,2026-08-20,1,로그인 할때마다 이슈가 많네요,0,False,,,
com.iloen.melon,멜론(Melon),104,김동준,https://play-lh.googleusercontent.com/a/ACg8ocIUgZGMGdEs2mJBbXBjwRd4WcYv_zxgsHEpbpd1_9ex6VwTQg=s32-rw-mo,2026-08-20,1,노래전체듣기누르면25곡밖에선택이안됩니다. 가사검색해서 보면 천곡넘게있는데 이런경우 갯수를어떻게늘리나요?,0,False,,,
com.iloen.melon,멜론(Melon),105,김천석,https://play-lh.googleusercontent.com/a-/ALV-UjX5ydJk62G4-MCO-zqUKi3XKZdpHVvuofKqz23_MDBE6yPFTr-a=s32-rw,2026-08-19,3,👍 화이팅 🇰🇷,0,False,,,
com.iloen.melon,멜론(Melon),106,장서,https://play-lh.googleusercontent.com/a-/ALV-UjWwli_fIKr8Ix4tcX7w98oixSgx5t_K6eh4zLrrs3ijHJJl50I-=s32-rw,2026-08-19,1,"돈을 내고, 광고도 보는데 제가 듣는 노래의 80%가 미리 듣기만 가능하네요. 그중 유명한 노래들도 많습니다. 이건 좀 사기같아요..",1,False,,,
com.iloen.melon,멜론(Melon),107,염은하,https://play-lh.googleusercontent.com/a/ACg8ocJxPUNE8UT8mzona6GTH0hctHxaiiHYv2L-7N_dWN7X0DlsaQ=s32-rw-mo,2026-08-19,2,권리사요청으로 미리듣기만 가능한 곡이 많으니 돈내고 쓰기엔 좀 아깝네요 ㅠ,1,False,,,
com.iloen.melon,멜론(Melon),108,Fungal Blue,https://play-lh.googleusercontent.com/a/ACg8ocJJc360U30PVLo1TCG8-xac4gWTsTTzfVLHJXUacFX3YoGxkAE=s32-rw-mo,2026-08-18,1,개인적으로 다좋은데 라이브 스트리밍무료음악이라고해서 샀는데 이용권구매를해야하네요 어그로 레전드시고 다신안깝니다 잘모르는 사람들 낚으니까 좋으시겠어요 멋집니다!,1,False,,,
com.iloen.melon,멜론(Melon),109,윤정현,https://play-lh.googleusercontent.com/a-/ALV-UjVx8d9trhUZrKRS8WmK3LzpwNoxqJZKsIfVHRYG7RRpQ3LKy486=s32-rw,2026-08-18,1,내가 공기계에서도 오프라인으로 노래 들으려고 그리고 월정액 안끊어도 노래 듣고 싶어서 멜론에서 개당 770원씩 주고 50곡 정도 다운로드 받았음. 그럼 그냥 알아서 쓸 수 있게 해주면 되는걸 A 라는 기계에서 구매한 노래를 다운 받으면 B라는 기계에선 다운로드가 안됨. 뭐 월정액 사용중인 사람이라면 모르겠는데 곡만 구매한 사람은 1분 미리듣기됨. 재구매를 하라는 뉘앙스로 창이 뜨는데 뭐하자는거임? 진짜 돈에 미친건지 그냥 좀 공기계 두개에서 내가 돈주고 산 노래 듣게 하면 어떻게 되거나 배가 아픔? 진짜 쪼잔하게 굴지 말고 이런 부분 부터 개선해라. 별점이 낮은덴 다 이유가 있는듯,3,False,,,
com.iloen.melon,멜론(Melon),110,최준혁,https://play-lh.googleusercontent.com/a-/ALV-UjUXCUm8x7H93gpcboF4gBQppgBBfYlfb-2LCQIv-utKPT6OUzy5=s32-rw,2026-08-18,5,너무 가성비다.,0,False,,,
com.iloen.melon,멜론(Melon),111,김경중,https://play-lh.googleusercontent.com/a/ACg8ocJTUDlpcCR383_jpG5AiCBjCk80ECbdDk_Rb8l3EjXhabVMLg=s32-rw-mo,2026-08-17,5,Good,0,False,,,
com.iloen.melon,멜론(Melon),112,오케고,https://play-lh.googleusercontent.com/a-/ALV-UjXed8kMT5v31VBRSwGjIz9JO5kqB00ZtvyWfHNn4ly9NZ734VFv=s32-rw,2026-08-17,4,"저는 주로 국내음악으로 듣던곡만 패는 타입이라서 조작면에서 크게 불편하건 없어요. 사실 타음악앱들 써도 다 비슷하게 느껴서 별 생각없음. 노래만 안끊기고 잘나오면되는 편. 그런점에서는 딱히 불편한거 없어요. 게임미션을 캐시로 바꿔줘서 시간뜰 때 한번씩 돌리는데 꽤괜. 근디..딱한가지 불만이 있다면, 볼륨 왜케 작은지.. 다른앱(유튭,인스타같은..) 보다 음량이 압도적으로 약해요.. 볼륨바 기준으로 거의 두배는 차이남. 멜론 듣다가 다른 앱으로 가면 고막나갈 정도고. 그래서 다른거에 맞춰서 음량 조절해놓으면 멜론 돌아왔을 때는 또 거의 자장가 수준으로 속삭여요. 멜론 내에 있는 음향설정을 어떻게 설정해도 조금 나아졌나?정도고 동일한 수준으로 맞춰지진 않아요.",5,False,,,
com.iloen.melon,멜론(Melon),113,김수진,https://play-lh.googleusercontent.com/a-/ALV-UjVJ4h9Pc6Iha1Ut0yEHWZzmFIn1somlrGujIxxpKiD6hZwgrlKQ=s32-rw,2026-08-16,1,아 진짜 최악...이용권 사용자인데 광고를 보지않으면 재생안됨 다신 유료결제 안할거임,0,False,,,
com.iloen.melon,멜론(Melon),114,진청현,https://play-lh.googleusercontent.com/a/ACg8ocK2XATh-upxeVOqK79aAhPwJjxAg3sKdlJ4SIHMiCZsb1CQkA=s32-rw-mo,2026-08-16,1,스밍중인데 왜 갑자기 멈춰있나요? 아니 방금 로그인 헸는데 왜 다시 하라고 하시나요? 로그인을 십알 1분전에 했는데 갑자기 로그인을 또 쳐하라고 하네 짜증나게 로그인을 한지 10분만에 갑자기 혼자 로그아웃되고 다시 로그인하라고 하는데 이게 정상이냐? 진짜 이놈들도 답없네,0,False,,,
com.iloen.melon,멜론(Melon),115,박기량,https://play-lh.googleusercontent.com/a-/ALV-UjWqmn-xn2JEpVb2HLwRrC0u8_fig8RbyxQGCbJiItJvtS281ok=s32-rw,2026-08-16,2,노래가 많긴 한데 왜 커버곡은 나오고 원곡은 안나오는 거죠,0,False,,,
com.iloen.melon,멜론(Melon),116,고도우,https://play-lh.googleusercontent.com/a-/ALV-UjVAvYLCXhqJNc-Oqm6c8kLkIZHa33W81IiJHA9yAvsamtWG9689=s32-rw,2026-08-15,5,로그인이 안됨,0,False,,,
com.iloen.melon,멜론(Melon),117,hl l,https://play-lh.googleusercontent.com/a-/ALV-UjXYE4j7TEvpt52ZgWZgD_3ZfWbBOkXo2Qhm9nshUwWFAdfp88V_=s32-rw,2026-08-15,1,못 듣는 음악 많아지고 이제는 광고까지 붙이네? 대단하다 진짜.. 멜론만 몇 년 썼는데 이제는 정떨어져서 다른 곳 갈랍니다 ~,2,False,,,
com.iloen.melon,멜론(Melon),118,윤충한,https://play-lh.googleusercontent.com/a-/ALV-UjV9TGOcMNeTG8DG72bjjH8xv7ta9GjfViQapG0y2fQUNjyi4xBX=s32-rw,2026-08-14,1,이용권해지 자체를 찾지도 못하게 해 놓고 이런거 다시는 안한다,1,False,,,
com.iloen.melon,멜론(Melon),119,Kyung-Eun Doh,https://play-lh.googleusercontent.com/a/ACg8ocLKmDAkG7vijlP-cXVRftfJT-K8bbNRsqtdAEB2aeuyK_1FEw=s32-rw-mo,2026-08-14,1,언제부터인가 멜론 켜기 전에 블루투스 스피커 볼륨을 최하로 해놔도 멜론 켜는 순간 최고로 올라가 있어서 깜짝깜짝 놀랍니다 에러 고쳐주세요,1,False,,,
com.iloen.melon,멜론(Melon),120,그대곁에나무,https://play-lh.googleusercontent.com/a-/ALV-UjWfstR_bn-mjVnfQ5afZ4srK9kmJHWbnCBnBN8a3BQZK4aci7U=s32-rw,2026-08-13,1,정기결재 이거 때문에 사용 안한다 일반구매도 있어야지 완전짜증,1,False,,,
com.iloen.melon,멜론(Melon),121,이혜진,https://play-lh.googleusercontent.com/a/ACg8ocL4FO30TZ_a_oITu3C-Cr_R2suST1mRFRp2hHUKVOHTAMZpKQ=s32-rw-mo,2026-08-13,1,처음에는 제가 결제를 안 했는지 아니면 앱이 오류가 났다던지 의심했습니다. 그런데 라이트로 결제를 하니까 1분만 들을수있는 미리듣기 제한곡이 많아요. 전 곡 무제한이라고 적혀있어서 결제했는데 미리듣기로 제한을 해놓아서 별로입니다. 광고도 있는데 미리듣기제한도 있어서 정떨어졌어요.,10,False,,,
com.iloen.melon,멜론(Melon),122,최신원,https://play-lh.googleusercontent.com/a-/ALV-UjVoabS9PYvtMSaVBUzAAcZwyWXMBdQ_rgdlg4IhcPJQ06QPIkBq=s32-rw,2026-08-12,1,무슨앱이 버그가 많고 강종이 됩니까? 음감 자체를 할 수가 없습니다.,0,False,,,
com.iloen.melon,멜론(Melon),123,허경준,https://play-lh.googleusercontent.com/a/ACg8ocLOJx74rZyND0cSsT_3LuZTuTzL4H9s1gN9UiOnbeYbVfEy6A=s32-rw-mo,2026-08-12,1,매장 스피커로 나오는 노래를 인식을 못하네요 아직 기술이 부족한건가여?ㅋㅋ,0,False,,,
com.iloen.melon,멜론(Melon),124,몽이 (몽),https://play-lh.googleusercontent.com/a/ACg8ocLXfvY6TqCT2ldaBNNlhJWkXPPVdV1VZG1olwKEYsT3Swm_Cg=s32-rw-mo,2026-08-12,1,고개센터 답도안하고 머하노진짜ㅡㅡ,0,False,,,
com.iloen.melon,멜론(Melon),125,김패티,https://play-lh.googleusercontent.com/a-/ALV-UjWq6MLHridejXChIn6CMDZUZYHL8Lqq-pE5ZoSTNNF392A0jNQ=s32-rw,2026-08-11,2,"중구난방 어수선한 인터페이스, 재생목록 편집불가 등 불편한게 한두가지가 아니다. 오래 되엇기에 그냥 쓰는 사람들이 많겠지만 정신좀 차리라고 글 남긴다. 평점을 좀 보고 느끼면서 운영해라. 쪽팔리지도 않냐",1,False,,,
com.iloen.melon,멜론(Melon),126,박민혁,https://play-lh.googleusercontent.com/a-/ALV-UjW3KvPnzwQ05M06EE6yTQpXhb4ImOEaBDaZjxr5gCBZeXCViGRG=s32-rw,2026-08-11,1,멜론 요즘 돈 많이 버나봐요?외국노래는 왜 미리듣기 제한이 됐죠?돈 냈잖아요?더 내란 뜻인가..?광고는 또 왜이리 많아짐??이러니 다른앱들을 찾지..,1,False,,,
com.iloen.melon,멜론(Melon),127,김수창,https://play-lh.googleusercontent.com/a/ACg8ocL7oflx_Wan2JXlDDfv7Qtp4mhLtTMabXDrnS74f7Tz4EPFpg=s32-rw-mo,2026-08-11,1,"한 달 결제하면 5개월 무료라고 해서 가입했는데 결제 방식이 멜론, 구글 2곳이더라구요 구글로 했더니 프로모션 적용 안되고 사용해서 해지도 안된다하네요 안내글에 있었다고는 하는데 제 잘못 인정하는데 프로모션 적용되는 결제 방식만 적어주시지 이게 뭔가요 다시는 멜론 이용 안 할 예정입니다 거기다 광고 나오는 요금제라서 중간중간 광고 나와요 최악입니다",6,False,,,
com.iloen.melon,멜론(Melon),128,지성팍,https://play-lh.googleusercontent.com/a/ACg8ocJu4fyzO9waeb4TOGQmJ3hBnjOVSiC5tvro6SuOuGxSdKOTfg=s32-rw-mo,2026-08-10,1,아니 광고형 요금제 못듣는곡이 왜이렇게 많아?어이가없네 처음 리뷰써본다 답답,1,False,,,
com.iloen.melon,멜론(Melon),129,0,https://play-lh.googleusercontent.com/a-/ALV-UjU-sFDbGy0njdEEkZksnKOR4nABdMjyf4_akMU2m8XdGppBnZtt=s32-rw,2026-08-09,1,이걸로 노래 못듣겠다,1,False,,,
com.iloen.melon,멜론(Melon),130,SH K,https://play-lh.googleusercontent.com/a-/ALV-UjXKmh5lneUBuSLLUnS2bFRPngcfmk11jSUUTJgTNNevPnDJX1_6=s32-rw,2026-08-09,1,"스마트재생목록 켠 상태에서 껏다키면 마지막 듣던 곡이 아니라 오래전에 듣던 곡부터 시작하는 찐빠 도대체 언제 고칠꺼냐고 도대체 언제까지 사용자가 피해를 봐야되는데 멜론 직원도 유튜브뮤직, 스포티파이쓰지? 그러니까 이런 써보기만해도 나오는 버그를 몇년째 방치하지 탈멜론은 지능순이라고 놀리려고 계속 방치하는건가? 멜론 임직원들중에 멜론 쓰는 애들 있긴한가? 하나도 없지? 있었으면 이런 버그를 그대로 둘리가 없지",2,True,Kakao Entertainment Corp.,2026-08-10,"안녕하세요 고객님, 멜론입니다. 말씀주신 내용은 유관부서로 전달하도록 하겠습니다. 항상 고객님의 의견을 소중히 여기는 멜론이 되겠습니다. 감사합니다."
com.iloen.melon,멜론(Melon),131,김현승,https://play-lh.googleusercontent.com/a-/ALV-UjUzzn08UKm-GmmbASVZ-4VsfVLQsID63VmoNu-EGjsNLlQycCs=s32-rw,2026-08-08,5,멜론 7년 정도 사용하고 있는 회원입니다. 너무 잘쓰고 있지만 한 가지 아쉬운 점이 있어 적어봅니다. 다음 곡으로 넘어갈 때 2초정도 딜레이가 걸리는 현상이 있는데 이 부분을 수정해주셨으면 합니다. 앨범 단위로 곡을 들을때 아티스트가 의도적으로 곡과 곡이 자연스럽게 이어지도록 하는 부분들이 있는데 그때마다 자꾸 끊겨서 아쉽습니다,2,False,,,
com.iloen.melon,멜론(Melon),132,Beat Heart,https://play-lh.googleusercontent.com/a-/ALV-UjWc2wMCuIq0IoHYZFcjUxBQrxZXBP7AOccOTN2k_AsFsDbVqg48Dw=s32-rw,2026-08-08,3,내가 어지간하면 귀찮아서 리뷰 안남기는데. 멜론 UI 겁내 헷갈리고 불편함. 스트리밍 플러스는 다운로드 음원 선택도 안되고 음질도 최하로 고정되서 사실상 의미가 없음. 맨날 할인쿠폰만 뿌려댈게 아니라 UI 개발부터 다시해라.,7,False,,,
com.iloen.melon,멜론(Melon),133,김요한,https://play-lh.googleusercontent.com/a-/ALV-UjXLAL5mL-y_1N10TGIPlGsWJgMm2yBWbehrFfxVxBwduQlLrQk=s32-rw,2026-08-08,2,"이거 abbey road 잼이 안돼요. 노래가 넘어갈 때 자연스럽게 넘어가지 않는다는 말입니다. 애플뮤직,스포티파이 다 되는데 멜론만 안되요. 돈주고 쓰기는 아까운 듯 합니다. 이거 쓸바에는 애뮤나 스포티 쓰죠. 비틀즈 잼 듣게 노래 자연스럽게 이어지게 딜레이 없도록 업데이트 부탁드립니다.",1,False,,,
com.iloen.melon,멜론(Melon),134,이채은,https://play-lh.googleusercontent.com/a-/ALV-UjXaRk1SK5jvmn4JU3xzYJWFg-_25nFlTeznhI23L1kCcGkzc6TH=s32-rw,2026-08-07,3,휴대폰에 저장되어 있는 곡도 플레이리스트에 넣을 수 있게 해주세요. 음원없는 곡들은 정리못하고 재생목록에만 두니까 불편해요.,0,False,,,
com.iloen.melon,멜론(Melon),135,K6003웅석교통고속,https://play-lh.googleusercontent.com/a-/ALV-UjWp3y2y8Xzks_y6nWeYcLpT_TehaHCTpIfPVVPJeaJyEXGkbgtM=s32-rw,2026-08-07,1,"안드로이드 내에서 멜론 캐시 충전 불가랑, 음원 자체를 무조건 캐시로만 사야한다는건 진짜 최악의 오점이네요. 개선해야 한다면 이 망할 결제시스템 부터 싸잡아 패더라도 고쳐야 합니다.",0,False,,,
com.iloen.melon,멜론(Melon),136,chelios,https://play-lh.googleusercontent.com/a-/ALV-UjVZ7234p_1klKQiQgoVBmTjnSQJPMpaIQz23wHulizn749TZMxa=s32-rw,2026-08-06,1,로그아웃 기능이 없는게 정말 말이 안되는 시스템인데 속히 개선바랍기다,0,False,,,
com.iloen.melon,멜론(Melon),137,김요한,https://play-lh.googleusercontent.com/a-/ALV-UjXG90HX1s0fFzUq4cVkFHNxlWNk2Suvsr8EFV2YA_s-asP2YHHa=s32-rw,2026-08-06,1,JOAT,1,False,,,
com.iloen.melon,멜론(Melon),138,듀망,https://play-lh.googleusercontent.com/a/ACg8ocJWpphvM06geKJcUiI8qLROqE7CjJ_yvTbEIrl_2nmk5sLTug=s32-rw-mo,2026-08-05,3,광고형 요금제로 듣는데 권리사의 요청으로 못듣는 곡이 왜이렇게 많은가요??ㅠㅠ,1,False,,,
com.iloen.melon,멜론(Melon),139,YYy B,https://play-lh.googleusercontent.com/a-/ALV-UjWHCNiHkOAs98AWrLXeZpK5pfAqML6y-yVMgVMQqWZimcVE-Ocp=s32-rw,2026-08-05,1,내가 기존에 mp3 파일로 가지고 있던 음원은 스트리밍으로 안됨??ㅋㅋㅋㅋㅋㅋㅋㅋㅋㅋㅋㅋㅋㅋㅋㅋㅋㅋㅋㅋㅋㅋ 지니뮤직은 되던데 너네는 여기까지다 5년 이상을 그냥 별 생각 없이 사용하긴 했는데 고객 유지할 줄도 모르는 경영 때문에 곧 멜론 터지겠넼ㅋㅋㅋㅋㅋㅋㅋ,2,False,,,
com.iloen.melon,멜론(Melon),140,Google 사용자,https://play-lh.googleusercontent.com/EGemoI2NTXmTsBVtJqk8jxF9rh8ApRWfsIMQSt2uE4OcpQqbFu7f7NbTK05lx80nuSijCz7sc3a277R67g=s32-rw,2026-08-05,4,이 앱 개인적으로 좋아요 돈 내는거 빼고 편리합니다 강추,2,False,,,
com.iloen.melon,멜론(Melon),141,서병훈,https://play-lh.googleusercontent.com/a-/ALV-UjVYewRMEeOSBJN36u349oEetdvFUuaCDVCHyVhEp2d0UzXdGoOL=s32-rw,2026-08-03,4,검색이 안되는 음악이 왜이래 많습니까?...,2,False,,,
com.iloen.melon,멜론(Melon),142,현정,https://play-lh.googleusercontent.com/a/ACg8ocJkuxtC2vs5qRZnv--njTwSHiwc91LA7026F11JOHCRouvL-A=s32-rw-mo,2026-08-03,5,곡 구매는 어디서 하나요? 모바일 앱에서 안보여요! 쉽게 차즌ㄴ 방법...좀...,0,False,,,
com.iloen.melon,멜론(Melon),143,산토리니,https://play-lh.googleusercontent.com/a-/ALV-UjXVjFGuE1pR_D5Nvg3ToVJE3WatQbWzGX5tY2jtMY1FcFXmEgEQ=s32-rw,2026-08-03,4,안녕하세요. 멜론을 애용하는 사용자입니다. 최근 곡을 플레이리스트에 추가할 때 불편한점이 생겨 건의드립니다. 새로운 곡을 담을 때 화면에는 재생곡 뒤라는 안내 문구가 표시되지만 실제 플레이리스트에서는 곡이 맨 뒤가 아닌 맨 앞에 추가되는 현상이 발생합니다. 플레이리스트 내의 정렬 기준을 등록순으로 변경하면 맨 뒤로 가긴 하지만 기본 설정 상태이거나 다른 정렬을 사용할 때는 문구와 실제 작동 방식이 반대로 작용합니다. 사용자가 임시로 정렬을 바꾸지 않더라도 안내 문구를 직관적으로 수정해 주시거나 곡이 추가되는 위치(맨 앞 또는 맨 뒤)를 기본 옵션으로 선택할 수 있도록 기능을 개선해 주셨으면 합니다. 검토 부탁드립니다.,4,False,,,
com.iloen.melon,멜론(Melon),144,Meteor,https://play-lh.googleusercontent.com/a-/ALV-UjVHBa0BRWrQYvZ97eyRtkiYV0mnUABxeBkQR9QGInzvf8Th5T8W=s32-rw,2026-08-02,1,음악 한 곡 들을 때마다 광고 계속 붙네요? 한곡 드는데 광고를 강제로 봐야한다니..ㅋㅋ 더불어 다른 가수도 아닌 테일러 노래도 권리사의 요청으로 미리듣기만 된다고요? 돈을 안내는 것도 아닌데 이러면 멜론을 쓸 이유가 뭐가 있죠. 어플 리뷰 잘 안쓰는데 5년 넘게 이용한 사람으로서 너무 실망스러워서 적고 갑니다. 저는 이만 삭제하지만 남은 이용자들을 위해서라도 개선 및 참고해 주시면 좋겠네요.,14,False,,,
com.iloen.melon,멜론(Melon),145,난캐럿이다!,https://play-lh.googleusercontent.com/a-/ALV-UjWhHqnTw_Qv2zqFZGBIgyhoGBCwr-SQy8IRRoW9MJ4_608inwYS=s32-rw,2026-08-01,5,좋아요.,0,False,,,
com.iloen.melon,멜론(Melon),146,김지희,https://play-lh.googleusercontent.com/a-/ALV-UjUxEyuUqah99ihF1KYX1r6oRVMMOAi0Fy_OgUhQ9o35PcTX6hU=s32-rw,2026-07-30,1,권리사의 요청으로 1분만 들을 수 있는 곡이 왜케 많아;;; 내 플리 대부분이 다 1분이네 이럴거면 돈을 왜 낸거지 난?,2,False,,,
com.iloen.melon,멜론(Melon),147,ᄀ,https://play-lh.googleusercontent.com/a/ACg8ocI-X_9QL97DNzP0hR95s3keI3nMzsZoWsLcW7I6LMjfmNycfjs=s32-rw-mo,2026-07-30,2,말랑이로 재생 시 배경이 파래서 다크모드인데도 눈이 부셔요 눈이 안 부시는 어두운 배경으로 바뀌면 좋을 것 같다고 생각합니다..,0,False,,,
com.iloen.melon,멜론(Melon),148,김도현,https://play-lh.googleusercontent.com/a-/ALV-UjX3g8eeJO1QjeOHRposI5hcN6ffvtFsINP3_EQGyKCUm36TEDqxRA=s32-rw,2026-07-30,5,리스트에서 노래 여러 개 선택해서 한 번에 움직일 수 있게 해주세요! 제발 ㅜㅜ 음악 서랍에 여러 곡 추가하고 중간이나 아래로 순서 바꾸고 싶은데 한 곡씩 옮기는 거 너무 비효율적이에요. 그리고 한 곡씩 옮길 때도 잘 안 되고 꼭 선택 체크박스 누른 다음에 움직여야 움직이는 경우가 너무 많습니다. 또 재생 끊기는 거 하루에도 몇 번씩 발생해요. 리뷰 쓰는 지금도요. 개선해주세요.,17,False,,,
com.iloen.melon,멜론(Melon),149,???,https://play-lh.googleusercontent.com/a-/ALV-UjVyp-Hqg8hBdANvpEh6gdOlMX6VDKwHAJMjjnmyLejaiYvYL8xl=s32-rw,2026-07-30,3,다 좋은데 멜론에도 번역기능 추가됐으면 좋겠어요ㅠㅠ,0,False,,,
com.iloen.melon,멜론(Melon),150,Seonyeong Jeon,https://play-lh.googleusercontent.com/a/ACg8ocJ7P3T9LfNZ4WkcuvdO6g12YzNnWK8RWkjHMMlesSzynEKaUQ=s32-rw-mo,2026-07-29,3,정기결제 해지 신청합니다,0,False,,,
com.iloen.melon,멜론(Melon),151,ᄋᄋ,https://play-lh.googleusercontent.com/a/ACg8ocJ1F4-LY8D1HqYXUm8flLEpmW0OVptb0_WSOjSw2LWuHEy7pw=s32-rw-mo,2026-07-29,1,진짜 노래 들으려면 광고 봐야되는 거 누구 아이디어일까요..진지하게 아이디어를 낸 사람이 멜론이라는 회사에 필요한 사람인지 생각해보십쇼 정말 너무 최악이에요.,2,False,,,
com.iloen.melon,멜론(Melon),152,김태우,https://play-lh.googleusercontent.com/a/ACg8ocLuBlhQm5uKY4iQht92HDpfahvHmquq4grLWZ32Z_lBNC5hhA=s32-rw-mo,2026-07-28,5,유튜브 볼수 있음,0,False,,,
com.iloen.melon,멜론(Melon),153,유현우,https://play-lh.googleusercontent.com/a/ACg8ocLNBTFVKyzc-Vq7tEZaJxTpm8oMiee1lEdS_e83HRTx13ZILSc=s32-rw-mo,2026-07-28,1,업데이트 괜히 했다. 앱 누르면 광고 로고 때문에 접속 지연되는 것도 짜증나고 불편하고 하네요. 별로 실속 없는 거 같은데 없애버리면 안돼요? 편의성 개선좀;,3,False,,,
com.iloen.melon,멜론(Melon),154,김민수,https://play-lh.googleusercontent.com/a-/ALV-UjVRKt1zmWEnrSZpAt6FQGlS2VnQD4EUUf4e3V0QCPZ2yW24IWo=s32-rw,2026-07-27,1,앱 자체가 불편함 앨범 노래 듣고 싶어서 전체 재생 누르니까 이상한 노래가 나오질 않나 그냥 불편하다 노래도 가끔 끊겨서 불쾌해짐,1,False,,,
com.iloen.melon,멜론(Melon),155,제갈중섭,https://play-lh.googleusercontent.com/a-/ALV-UjW2H3-jYnI4tG3VRBH9zB8ynKRKB7UBjW6h94-Npnv51P_VzRnW=s32-rw,2026-07-27,3,믹스업 수준;;.. 돈 좀 써서 개발 좀 하세요 유튭뮤직에 절반도 안되는 성능이다,6,False,,,
com.iloen.melon,멜론(Melon),156,sy m,https://play-lh.googleusercontent.com/a/ACg8ocLV-jNq7iPPcz8yT_Okp4qqYOd_SxDyrs_BKWF60Y1K307p6w=s32-rw-mo,2026-07-27,1,업데이트후에 듣고있던 대부분의 곡이 권리사요청으로 미리듣기만 가능하다고 뜨는데요 요금제 문제인가요 아니면 진짜로 권리사요청인가요 다른 음원앱에선 잘만 듣고있는데 왜 멜론만 이럴까요 이러면 멜론을 쓸 이유가 없어요,1,False,,,
com.iloen.melon,멜론(Melon),157,ᄆ,https://play-lh.googleusercontent.com/a-/ALV-UjW_6j2DwjcjksNu-1VZaDxrHmk4339nHmxV6wMiM2WV8liHQOcb=s32-rw,2026-07-26,4,멜론 앱 실행하면 팝업들 거슬려서 일주일간 안뜨게 체크 후 끄는데 다음날 또 떠요;; 좀 고쳐주세요 제발.. 너무 짜증남.. (갤럭시입니다) 한참됐는데 왜 맨날 이렇게 써야 하는지..,13,False,,,
com.iloen.melon,멜론(Melon),158,winner Steadyness,https://play-lh.googleusercontent.com/a-/ALV-UjX0i9wxGL09FDkZdB2uIvyMWf0zNFwYECW-2wn9YkgpVgijdTCt=s32-rw,2026-07-25,1,권리사 요청 1분만 몇개야;;; 해외 음원은 죄다 1분짜리네 진짜로 아니 노래 되는게 없네 죄다 1분이야 내가 이럴려고 결제 한줄 아나 바로 환불 했다 그거 쪼매 들었다고 내 피같은 돈 170원 날아갔네 칵 퉤 더럽다 좀 운영을 똑바로 하소 되는곡보다 안되는곡이 많아,1,False,,,
com.iloen.melon,멜론(Melon),159,이재경,https://play-lh.googleusercontent.com/a-/ALV-UjXVyYbjxnEX41JbuV8QJ8woh3UkW6i_KEDLaZXNlHee3O8t4bmA=s32-rw,2026-07-25,5,굿,0,False,,,
com.iloen.melon,멜론(Melon),160,비린생선,https://play-lh.googleusercontent.com/a-/ALV-UjU0qkGgjfqXmmGo_kzuW5OXFQvWQ-pg9_mFLcFZHgawe0QJB4Q7=s32-rw,2026-07-25,3,"댓글에서 비하, 홍보용 댓 좀 삭제해주세요 보기 거북해요 진짜",0,False,,,
com.iloen.melon,멜론(Melon),161,이대로,https://play-lh.googleusercontent.com/a/ACg8ocLO1l1OoCoKxx0guQZ9de8N8R-IWw-Na-npHX3WeKCU8WW1=s32-rw-mo,2026-07-23,1,블루투스 팅김 안하고만다 구취,0,False,,,
com.iloen.melon,멜론(Melon),162,Hana Kim,https://play-lh.googleusercontent.com/a/ACg8ocKpdTJjmcUeDyNcXlCbq6PUpGZCc_cX_9_kqjssrK59L9TTdH8=s32-rw-mo,2026-07-23,1,스트리밍 라이트 구독하면 광고만 뜨는 게 아니라 한국곡을 제외한 대부분의 곡들은 1분 듣기만 가능함.,1,False,,,
com.iloen.melon,멜론(Melon),163,블리자드 사랑해옵치 갓겜,https://play-lh.googleusercontent.com/a/ACg8ocJjwtNM7zClyxKOCAWxNaFdJ3LjJjRiIgtkYZUs39aQWbF9ig=s32-rw-mo,2026-07-22,4,"엄마, 아빠 고속도로에서 잠깰려고 차트로 듣는데 좋은듯. 물론 20대들은 스포티파이가 더 익숙하고 좋을지언정 잘 쓰는중",2,False,,,
com.iloen.melon,멜론(Melon),164,김현경,https://play-lh.googleusercontent.com/a-/ALV-UjU6hLfP46UhcEw2S-BJ5ZPSUQLUNi3glLL88QDOhwhfssk6bj2Z=s32-rw,2026-07-22,2,셔플 재생이 안돼요. 제가 담은 곡 이외 노래들이 나옴,0,False,,,
com.iloen.melon,멜론(Melon),165,손현진,https://play-lh.googleusercontent.com/a-/ALV-UjXebO0pexuHiwSTRCOBW0vF0Tsgmvxe4Pl3divWjnwzwUgGDZaJ=s32-rw,2026-07-22,3,"갤럭시인데, 처음 음악 재생 시작시에 진동 울리는거는 어떻게 끄나요? 알림을 꺼놔도 처음 음악재생 시작시에는 무조건 진동이 울립니다...불편해요",0,False,,,
com.iloen.melon,멜론(Melon),166,운동,https://play-lh.googleusercontent.com/a/ACg8ocJE1njYGpU8EavhDGN9n9S_6WBVtZg0c_y0Lui95Uy-Ix3dGg=s32-rw-mo,2026-07-21,2,제가 순서대로 들을려고 음악서랍에 담아놨는데 순서가 지 멋대로 뒤섞여서 나오네요...,0,False,,,
com.iloen.melon,멜론(Melon),167,Wan H.,https://play-lh.googleusercontent.com/a/ACg8ocJeHNyU9g5Mk49XaUFMqVJ48w4jZpgWrfsfkmy0caNXDsDLMA=s32-rw-mo,2026-07-21,5,good,0,False,,,
com.iloen.melon,멜론(Melon),168,유동상 (맛동상),https://play-lh.googleusercontent.com/a-/ALV-UjVZ3oo_ibMHEv4W1rOy-uGnN3fHEfcndNUTcFt7gox8x4j94lga=s32-rw,2026-07-21,2,멜론만한게 없습니다...레전드 아이디:yds-0511,0,False,,,
com.iloen.melon,멜론(Melon),169,김종수,https://play-lh.googleusercontent.com/a/ACg8ocKHTkBKNPp8GuNt2D1LN2fhhHEWttBpqFseYEXe6f952gP9mA=s32-rw-mo,2026-07-20,1,자꾸 평소에 듣던 곡들이 관리사의 요청으로 미리듣기만 가능하다고 뜨네요,2,False,,,
com.iloen.melon,멜론(Melon),170,po ppo,https://play-lh.googleusercontent.com/a-/ALV-UjX1e1gXCssc8sXXRZIgfOHVl-NSW8LbWz7Wltb9FqrhpaUmpbA=s32-rw,2026-07-20,1,비인기 jpop 곡 대부분 이용권을 구매해도 1분 재생밖에 안됩니다,1,False,,,
com.iloen.melon,멜론(Melon),171,박하린,https://play-lh.googleusercontent.com/a/ACg8ocLKzuh8F5nEpHoabhG0PgKINRqMc-uX8BR5jdYkHbbg_RVRyg=s32-rw-mo,2026-07-20,5,노래가 무료라서 좋아요,0,False,,,
com.iloen.melon,멜론(Melon),172,정회원,https://play-lh.googleusercontent.com/a-/ALV-UjWOXQMUWSPFxmTRP66BEulCtIqH3OgJZGkQMQBv3v5_auFMQXs=s32-rw,2026-07-20,5,음악듣기편해요.,0,False,,,
com.iloen.melon,멜론(Melon),173,이서준,https://play-lh.googleusercontent.com/a/ACg8ocL-Fz9mv4OzaP3cpnvXzVbQBgXqKLGlXLBnzH3ecW18ZhHaEw=s32-rw-mo,2026-07-19,3,트랜지션은 언제 생기나요?,0,False,,,
com.iloen.melon,멜론(Melon),174,cha cha,https://play-lh.googleusercontent.com/a-/ALV-UjUmQ7UTfGLO49PLTQYwRch_7IwvHhKaq9xO9rJ4gWwnxJJlZpE=s32-rw,2026-07-19,1,볼보ex30에서 누구오토 사용중입니다 플로사용시엔 훌륭했는데 멜론사용하니 너무 불편합니다. 1. 누구오토에서 멜론 루틴사용불가 2. 누구오토 멜론 제어 안됨 무조건 멜론 단독사용 후 로그인필요 이후에는 누구오토에서 제어가능 (왜 이리 불편하게 만드는건지?),1,False,,,
com.iloen.melon,멜론(Melon),175,ᄅᄋᄌ,https://play-lh.googleusercontent.com/a/ACg8ocLWzJbtEhPLzTyQIG4gq07g8PbtBgeqD9bW3Ki4cJdPld4UwQ=s32-rw-mo,2026-07-19,1,믹스업 버튼 누구 머리에서 저기다 갖다놓은거임 없애거나 다른데로 좀 치워라,3,False,,,
com.iloen.melon,멜론(Melon),176,서정훈,https://play-lh.googleusercontent.com/a/ACg8ocJ5Z4mvPmryNbhraRJevqa-ANBROmdfIZ0tykwgxsen8bd7lQ=s32-rw-mo,2026-07-19,1,"그냥 ui도 이상하고 불편해요 유튜브 뮤직, 스포티파이 다 잘써왔는데 멜론만 이러네요 저는 비추합니다",0,False,,,
com.iloen.melon,멜론(Melon),177,뜨뜨,https://play-lh.googleusercontent.com/a/ACg8ocIbipSBKepgKAlsTnBayROm_kHMnRtQ03yASNfiISCgHPgEfu0=s32-rw-mo,2026-07-18,5,남남////,0,False,,,
com.iloen.melon,멜론(Melon),178,이주형,https://play-lh.googleusercontent.com/a/ACg8ocIJdiMEHKRLwHt3dUkiwA2bT-Ij4S2ZgvcM2iqZF7kX91gr=s32-rw-mo,2026-07-18,5,음악 앱으로써는 정말 잘 사용하고있습니다. 딱히 뭐 불편하거나 거슬리는것도 없고요. 대신 외국 곡들에 번역본이나 자막처럼 띄워주는 기능이 있었으면 좋겠습니다.,1,False,,,
com.iloen.melon,멜론(Melon),179,한별,https://play-lh.googleusercontent.com/a-/ALV-UjW9UN48bsn6g0kIytqIeyAoXalfgKX1UWimPwDmHneVQiIenM_p=s32-rw,2026-07-18,2,"너무 실망스럽네요. 정이 뚝떨어졌어요. 초반엔 너무 좋았는데, 다 좋았는데 14일에 자동결제되야되는데 통장에 돈 넣어두는걸 깜빡해서 15일에 똑같은 구매권을 똑같은 결제방법으로 결제했는데 멜론 등급이 초기화됐어요. 문의를해봣더니 이용권 일시정지 기능을 쓰지 않고 구매해서 제가 잘못 구매한거니까 등급 복구가 안된데요. 근데 고작 그린 등급이였는데 복구 안해준다는게 서운한건 어쩔 수 없네요.. 제가 학생이라 용돈 아끼면서 한 1,2달 뒤면 실버 등급 예정이였거든요.. 그렇게 실망한 상태에서 하루 지났는데 청소하면서 노래 틀어놨더니 기계적 스트리밍이 의심된다며 인증번호를 누르래요. 근데 누르려고 할때마다 기계적 스트리밍 의심 메세지가 수십번 뜨면서 못하게 되고 한 30번 넘게 시도해서 성공했어요. 간신히 인증하고 노래 한곡 트려고 했더니 제 계정이 무슨 기계적 스트리밍 의심 계정으로 로그인 잠김이 됐다느니.. 또 무슨 인증을 하라기에 하려 했더니 또 오류 수십번.. 담달에 갈아탈래요...",12,False,,,
com.iloen.melon,멜론(Melon),180,박용성박용성,https://play-lh.googleusercontent.com/a/ACg8ocKmu2mMLwDfNMZPRi8Ywck_M9FYdoe_0sroGLFTCvTaB555GQ=s32-rw-mo,2026-07-18,5,노래 듣는 순간 여행 하고 좋은 시간 보내고 즐거운 주말 보내는 것이 좋을 듯 한데,1,False,,,
com.iloen.melon,멜론(Melon),181,헤라이더가드너스,https://play-lh.googleusercontent.com/a-/ALV-UjWTfMBEpT4jUbDMNpjUFWKpB17eutghefGqwLi5bXqTgRQIW3s=s32-rw,2026-07-18,1,월결제 해지하려니까 결제탭은 여러곳에 있는데 해지만 꽁꽁숨겨둬서 개열받음ㅋㅋㅋ 30분동안 찾고 헤매고;; pc로 해야함 이제 결제 못할듯,0,False,,,
com.iloen.melon,멜론(Melon),182,sssunn,https://play-lh.googleusercontent.com/a/ACg8ocKetJ7Ej0EHy7a-FaP8WxUG0JokHEU5lOhrisUa9R55wDsUDGeu=s32-rw-mo,2026-07-17,1,수많은 팬덤이 돈주고 쓰는데 잠수함 패치?,1,False,,,
com.iloen.melon,멜론(Melon),183,이준서,https://play-lh.googleusercontent.com/a/ACg8ocJkoFrhUuftNDC3ohIJU-CrdE_wmSQmD2L_9sUxRYrtcIfArA=s32-rw-mo,2026-07-17,1,뭔 스트리밍 라이트야 뭐 결제했는데 못 듣게하고 이딴거 쓰지 마세요 절대,2,False,,,
com.iloen.melon,멜론(Melon),184,신수리수리,https://play-lh.googleusercontent.com/a-/ALV-UjUcd751_Yzp5MaWVRQAOfnBpB8MCr1xxo3wfUiDhY84d7_SALEZ=s32-rw,2026-07-17,1,야이 돈도내는데 광고도봐야겠니. 스포티파이 따라하지말고 그냥 광고를 빼라. 누구머리에서 나온 생각인지?,4,False,,,
com.iloen.melon,멜론(Melon),185,ᄋ준,https://play-lh.googleusercontent.com/a-/ALV-UjXeICSGwT6ZwB0uel6_e_MZJVlRIhNP6njafmsBTRJfEjJ_FuX_=s32-rw,2026-07-17,1,화면 누르면은 광고 뜨는 거 그것 좀 없애요 빨리 들어가려고 해도 광고 쳐 뜨면서 억지로 노출 광고하네 짜증나게,3,False,,,
com.iloen.melon,멜론(Melon),186,김웅,https://play-lh.googleusercontent.com/a/ACg8ocLBcqDVkTezuWmzKy1rSML_xHUTrtvK6THIkL79r3s2QfAymHU=s32-rw-mo,2026-07-17,1,유료서비스 이용자에게도 앱을 열 때마다 광고가 나오다니요. 심지어 노래를 듣다가 앱을 실행시켜도 나오더군요. 너무하지 않습니까. 다른 스트리밍의 유료서비스들을 이용해봤지만 이런 경우는 없었던 것 같네요. 정말 최악의 사용 경험입니다. 돈을 내고도 또 광고를 봐야 메인화면으로 들어간다니... 여건 상 광고배너 등이 많아지는 건 충분히 이해하겠지만. 앱을 열 때마다 강제적으로 사용에 딜레이를 먹이는 이런 정책은 물리적인 불편함을 넘어서 기분이 상당히 나쁘네요. 개선해주세요.,17,False,,,
com.iloen.melon,멜론(Melon),187,지현,https://play-lh.googleusercontent.com/a/ACg8ocJnEewTQeSbS8CUWZc0fS-k_2Tr3WJN-vTWOUh7SF0DG5YJpg=s32-rw-mo,2026-07-17,5,좋아요,0,False,,,
com.iloen.melon,멜론(Melon),188,YY Y,https://play-lh.googleusercontent.com/a-/ALV-UjVJbBz-qcnVImOCfazZxYe9U4b_I29FizyK918pX9adb25Imb-s=s32-rw,2026-07-16,1,재생버튼이 안먹혀서 다시 설치해도 안되는 경우가 너무 많아요. 벅스로 갈아타야겠음,0,False,,,
com.iloen.melon,멜론(Melon),189,유리자하드,https://play-lh.googleusercontent.com/a/ACg8ocIy67nPXf-SR4ciUC3NKOYKCbfAcXq3mf69UiA_UKkOiVLHlA=s32-rw-mo,2026-07-16,1,양아치 같은것들 한번 결제하면 세달 무료 해놓고 아무생각없다가 3달쯤 됐나 싶어서 가보니까 한달에 한번씩 계속 결제되고있었네 ㅋㅋㅋㅋㅋㅋ 어이가없다 진짜,0,False,,,
com.iloen.melon,멜론(Melon),190,김주영,https://play-lh.googleusercontent.com/a-/ALV-UjVevcXNkRmJRVSHsk_OMqmITWf3rS_VGhIcFY81PcrvvpZYZro=s32-rw,2026-07-15,5,"음악들을 때는 멜론이 짱, 시대별 장르별 추천곡은 타의추종을 불허한다.",0,False,,,
com.iloen.melon,멜론(Melon),191,seung-tae Ko,https://play-lh.googleusercontent.com/a/ACg8ocIj5nOoeHLjiFw67EG-e_x8W0D0_1GY2IE88UpuRfGqpUxGgg=s32-rw-mo,2026-07-14,1,안드오토로 차량이랑 연결하면 뒷스피커에서는 노래가 엄청 작게 나옴. 유튭뮤직은 잘나옴. 어케 해야하나요?,0,True,Kakao Entertainment Corp.,2020-10-05,"안녕하세요 고객님, 멜론입니다. 구글 정책에 의해 이용 가이드가 변경되어 안드로이드 5.3.0 버전부터 알림 영역 내 플레이어(노티피메이션 플레이어) 노출 정책이 변경되었습니다. 알림 영역 내 플레이어가 떠 있는 상태에서 고객님께서 직접 알림 영역 내 플레이어를 종료를 해야 없어집니다. 알림 영역 내 플레이어에 멜론을 살짝 내리시면 X표시를 통해 바로 종료가 가능하니 참고 부탁드립니다. 알림 영역 내 플레이어가 계속 유지될 경우 재생 중이 아니더라도 서비스는 지속적으로 유지될 수 있습니다. 고객님의 양해 부탁드리며 더 나은 서비스로 보답할 수 있도록 노력 하겠습니다. 감사합니다."
com.iloen.melon,멜론(Melon),192,김영권,https://play-lh.googleusercontent.com/a/ACg8ocIytEOyhLieoZBH-_J0sp8YEW1PB1IEhz0jFWQsQrDEVA_5Cg=s32-rw-mo,2026-07-14,5,앱 열 때 광고는 진짜 아닙니다...,1,False,,,
com.iloen.melon,멜론(Melon),193,호호호,https://play-lh.googleusercontent.com/a-/ALV-UjX2B_blVATV3QjlBr5ANCvR-PV1c81_l4fQpfxR8yTnBHsIR6Q=s32-rw,2026-07-13,1,아 제발 인트로에 그지같은것좀 안올리면 안되나요?,0,False,,,
com.iloen.melon,멜론(Melon),194,박찬휘,https://play-lh.googleusercontent.com/a/ACg8ocIIDKOUhCIq16B0RvcRcW3YPH3JugazBfKqAepCaTBrrEUPgQ=s32-rw-mo,2026-07-12,1,그냥 아이폰만 밀어주는것 같아보이네요,0,False,,,
com.iloen.melon,멜론(Melon),195,J J,https://play-lh.googleusercontent.com/a-/ALV-UjVyMxeb2jM6zx6dhUVt7HLvaGQa7wC5gYR46wkJtt_TNQjsZmwnfQ=s32-rw,2026-07-12,1,진짜 개발자들을 다 바꾸는게 이딴식으로 만들고 팔아먹으려는게 기가차네요. 아무생각없이 만든 서비스,1,False,,,
com.iloen.melon,멜론(Melon),196,주하,https://play-lh.googleusercontent.com/a/ACg8ocK_k_0mGmB8P3-w7VVsBvEPZ0TEZKi6VKjPjplcSic17Tn6qxw=s32-rw-mo,2026-07-11,5,플레이리스트 앨범안에 있는 노래를 검색할수 있게 해주세요.,1,True,Kakao Entertainment Corp.,2026-07-08,"안녕하세요 고객님, 멜론입니다. 플레이리스트 내 곡 검색은 재생목록 옆 음악서랍의 플레이리스트를 선택하신뒤 검색이 가능합니다 다른 궁금하신 사항은 번거로우시더라도 ""멜론앱 - 바로가기 - 고객센터 - 나의 문의 내역 - 1:1문의하기""를 통해 문의 부탁드립니다. 감사합니다."
com.iloen.melon,멜론(Melon),197,박태준,https://play-lh.googleusercontent.com/a/ACg8ocLIqcsoEU9erwsQi1mpQI7H3Gmk3M0kLMtUv-5MdSkIDNtwDKE=s32-rw-mo,2026-07-11,1,너무 불편해요 별로임,1,False,,,
com.iloen.melon,멜론(Melon),198,서은진,https://play-lh.googleusercontent.com/a-/ALV-UjVLVIhe2v1vGy1MawkHDMc-wpCYbtE1cyBTDNy4SONDGPPYx3g=s32-rw,2026-07-10,1,"자꾸 지금 듣는 음악을 계속 들으시겠냐는 알림, 기계적 스트리밍 알림은 왜 띄우는지 모르겠네요;; 시상식 순위 반영되니까 그거 관리하려는건지.. 따지고 보면 그것도 결국은 같은 이용자일 뿐일 텐데요. 잠들 때나 일할 때 뮤직웨이브 틀어놓으면 이내 멈춰버리고.. 돈 내고 음악 듣는데 제가 왜 노래 멈추는 걸 신경써야 하는지 모르겠습니다. 곡들 하나하나 재생목록에 담아서 듣는 것보다 뮤직웨이브 들어가서 틀어두면 편리하고 같이 듣는 사람들이랑 소통도 할 수 있어 자주 이용하기는 하는데 갈수록 불편하네요. 덕분에 갈아탈까 고민 중입니다",15,False,,,
com.iloen.melon,멜론(Melon),199,박쌩쥐,https://play-lh.googleusercontent.com/a-/ALV-UjXC5Qby-sWXViOfI0X_CQCXd9_HzjAtZCcfwNYRyHq5MF3dyNJqSQ=s32-rw,2026-07-10,5,"다른 플랫폼보다 재생목록 설정이 세분화 돼있어 좋아요. ai로 랜덤플리를 만들어주는 것 보다 재생목록 정리를 더 도와줬으면 좋겠어요. 발매 날짜별 정리라든지, 기존 플리 중 특정 가수나 장르를 묶어 특정 위치로 옮기는 것처럼요. 그때그때 원하는 방식으로 정리가 가능했으면 좋겠어요!",19,False,,,
com.iloen.melon,멜론(Melon),200,문정임,https://play-lh.googleusercontent.com/a/ACg8ocJvGTd0ijwuI_hFZ5ke2m4DQDVya5PImP9cY5yqbC9mDobz9g=s32-rw-mo,2026-07-10,1,예전엔 깔려있었는데 지금은 왜 안 깔리는 거죠? 어떻게 해야 할 지 모르겠네요,0,False,,,
